Complain_id,Problem_severity_level,status,IS_INSERTED,IS_MODIFIED
1376,High,Closed,2027-07-29,2027-05-13
8137,Medium,Open,2027-11-15,2027-02-06
1056,Low,Closed,2027-05-27,2027-04-11
9825,High,Closed,2026-05-19,2026-05-10
3740,Low,Closed,2026-03-13,2027-09-08
6186,Medium,Closed,2027-08-26,2027-03-02
6993,High,Open,2027-06-21,2026-03-15
1669,Low,Open,2027-02-22,2026-11-15
8085,Medium,Open,2026-12-15,2027-06-18
4623,Medium,Open,2026-03-17,2026-05-02
6474,High,Closed,2026-05-18,2026-05-31
1474,Medium,Closed,2026-07-30,2027-08-30
5206,Medium,Closed,2027-12-20,2026-02-02
1260,Medium,Closed,2026-02-25,2026-01-19
5829,Medium,Closed,2027-06-12,2026-11-24
7825,High,Closed,2027-10-23,2026-05-07
4617,Medium,Open,2027-08-10,2027-02-20
2818,Low,Closed,2027-03-30,2026-10-25
4565,High,Open,2026-04-07,2026-10-10
2660,Medium,Open,2026-07-30,2026-01-29
7253,Low,Open,2027-11-18,2027-08-14
6402,Low,Open,2026-11-29,2027-11-29
9701,Low,Closed,2026-08-27,2026-12-09
2984,Low,Open,2027-08-30,2027-01-20
6533,Low,Open,2027-07-13,2026-10-02
7205,Low,Open,2026-06-12,2026-03-06
2139,Low,Closed,2027-04-27,2027-02-27
2101,Medium,Closed,2027-02-11,2027-06-04
9357,Medium,Open,2027-07-12,2027-12-03
3101,Medium,Open,2026-05-21,2026-04-30
6838,High,Open,2026-07-28,2027-07-09
3071,Low,Closed,2027-03-08,2027-01-02
3682,Low,Closed,2026-02-07,2026-08-10
8138,Medium,Open,2027-09-21,2026-03-08
1314,Medium,Open,2026-09-29,2026-02-24
3945,Low,Open,2027-06-13,2026-11-28
3792,High,Closed,2026-07-04,2027-12-25
4140,High,Open,2027-04-19,2026-05-18
9654,Low,Closed,2026-08-29,2027-06-08
7226,High,Closed,2026-07-03,2027-03-12
7787,Medium,Open,2027-09-17,2026-06-09
7527,Medium,Open,2026-10-09,2026-03-09
1364,Medium,Closed,2026-01-04,2026-11-14
5515,High,Open,2027-03-20,2026-02-19
1219,Medium,Open,2027-11-26,2027-08-01
7763,Medium,Open,2027-07-25,2027-01-14
5467,High,Closed,2027-07-21,2026-08-09
8190,Low,Closed,2027-12-16,2027-09-06
8445,Low,Open,2027-11-20,2027-06-10
3972,Medium,Open,2027-01-19,2026-08-17
2970,Medium,Closed,2026-11-08,2027-08-03
6688,High,Closed,2027-02-07,2027-07-06
3211,Medium,Closed,2026-08-28,2027-12-09
9539,Low,Closed,2026-11-20,2026-07-08
6660,Medium,Open,2027-08-29,2027-01-08
9533,Low,Closed,2027-05-31,2026-12-10
3100,High,Open,2026-04-20,2027-11-17
5554,Low,Open,2026-11-18,2026-09-20
7386,Low,Closed,2026-03-22,2027-07-15
6934,Low,Open,2026-06-13,2027-12-20
6422,Low,Open,2026-10-25,2026-11-25
1517,Medium,Closed,2026-08-27,2026-10-06
1338,High,Open,2027-04-28,2027-12-13
6627,Medium,Open,2027-07-11,2027-06-03
5307,High,Closed,2027-03-29,2027-01-24
5755,Low,Closed,2027-08-29,2027-01-04
6317,High,Open,2026-08-29,2026-06-16
3875,Low,Closed,2026-12-06,2027-04-10
5129,Low,Closed,2027-04-17,2026-08-10
9506,Medium,Open,2027-07-12,2027-02-14
2948,High,Open,2026-03-13,2027-03-04
2311,High,Open,2026-12-02,2027-01-19
6865,Low,Open,2026-05-16,2026-01-16
3828,High,Open,2027-10-31,2026-11-11
4179,Medium,Open,2027-02-06,2026-01-08
3205,Medium,Closed,2026-02-21,2027-10-15
7900,High,Closed,2027-07-30,2026-08-02
6183,Medium,Closed,2026-06-21,2026-08-24
5284,Medium,Open,2026-06-27,2026-11-01
2330,High,Open,2026-03-27,2027-12-28
4664,Low,Open,2026-04-16,2026-08-12
6351,Medium,Closed,2026-06-17,2027-07-06
5631,High,Open,2027-01-28,2027-06-24
6063,Medium,Closed,2026-01-06,2026-03-01
6298,Medium,Closed,2027-06-11,2027-05-16
3012,Low,Open,2026-09-03,2026-10-23
1392,Medium,Closed,2026-09-19,2027-08-20
2621,Medium,Closed,2026-10-13,2027-01-02
2600,Low,Closed,2027-11-23,2027-04-22
6703,Medium,Closed,2026-08-28,2027-02-14
6098,Medium,Closed,2026-06-28,2026-03-23
6578,Medium,Open,2027-04-30,2027-07-07
9550,Low,Open,2026-06-02,2026-04-18
6758,Medium,Closed,2027-09-02,2026-06-22
8791,Low,Closed,2026-02-04,2027-01-15
5919,Medium,Open,2026-02-16,2027-04-15
5041,High,Open,2027-04-14,2027-07-05
5145,Medium,Open,2026-12-08,2027-02-22
1792,Low,Open,2027-12-09,2026-12-17
9503,Medium,Open,2026-09-10,2026-06-26
3398,Low,Closed,2026-02-21,2027-03-17
3277,Low,Closed,2026-03-15,2026-06-26
9208,Low,Closed,2027-02-23,2027-02-11
3954,Low,Open,2027-09-07,2026-11-12
4688,Medium,Closed,2027-10-16,2026-06-05
1397,High,Closed,2027-11-07,2026-04-22
1439,Low,Open,2027-02-11,2027-08-09
6835,Medium,Closed,2027-03-20,2027-02-24
1350,Medium,Open,2027-06-28,2027-05-22
9435,Low,Open,2027-11-24,2027-08-05
2199,Low,Closed,2027-12-18,2027-07-08
4753,Medium,Closed,2026-11-11,2027-05-18
6674,Medium,Closed,2026-07-23,2027-07-08
4083,High,Closed,2027-04-05,2027-05-04
6176,High,Closed,2027-11-14,2027-07-21
6472,Medium,Closed,2027-06-23,2026-12-05
5294,Medium,Open,2026-08-18,2026-03-10
1776,Medium,Open,2027-08-01,2027-07-07
1475,Medium,Closed,2026-10-15,2026-05-03
1804,Low,Open,2026-01-26,2026-05-10
9914,Low,Open,2027-07-18,2026-03-30
6238,High,Open,2027-01-01,2026-09-16
5179,Medium,Open,2027-06-27,2026-11-27
7900,Medium,Open,2027-04-29,2027-02-02
5642,Low,Closed,2026-05-09,2027-08-20
4002,Low,Open,2027-05-01,2026-06-22
2378,Low,Open,2027-02-23,2027-12-22
9438,Low,Open,2026-02-16,2026-01-17
6855,Low,Closed,2027-09-20,2026-05-06
4883,High,Closed,2026-08-16,2027-12-13
8881,Low,Open,2027-01-11,2027-11-25
1443,Low,Closed,2026-12-06,2026-05-06
5974,High,Open,2026-01-26,2026-07-13
1758,High,Closed,2027-04-29,2027-04-27
6652,Low,Open,2026-01-19,2027-05-16
4083,Medium,Open,2026-11-26,2027-04-17
8659,High,Closed,2027-11-13,2027-07-27
4203,Medium,Closed,2026-09-28,2027-11-19
2677,High,Closed,2027-12-10,2026-11-27
7578,Medium,Open,2027-11-02,2027-12-24
6539,High,Closed,2026-05-18,2027-03-15
4463,High,Open,2027-12-05,2027-11-02
9662,Medium,Open,2027-09-17,2027-08-19
2921,High,Closed,2027-01-04,2026-01-19
1093,Low,Closed,2027-01-07,2027-01-12
3306,Low,Open,2026-05-08,2027-07-20
7243,Medium,Open,2026-04-16,2027-02-08
4818,High,Open,2026-07-30,2027-03-08
5375,High,Closed,2026-03-12,2027-08-27
9948,Low,Closed,2027-06-13,2026-09-02
6056,Low,Open,2027-12-07,2026-11-02
1824,High,Open,2027-06-17,2026-04-10
7379,Medium,Open,2026-06-06,2027-03-14
5940,Medium,Closed,2026-03-31,2026-11-26
2494,Medium,Open,2026-03-11,2026-05-06
3804,Medium,Closed,2026-06-06,2027-10-02
1330,Medium,Closed,2026-07-25,2027-06-04
1879,Medium,Closed,2026-10-06,2026-03-26
5539,Low,Open,2026-02-14,2027-10-23
4059,High,Closed,2027-11-30,2026-04-21
8592,Medium,Open,2026-11-01,2026-07-07
9696,Medium,Open,2027-02-13,2027-12-10
9937,Low,Open,2026-04-27,2026-11-17
2803,Low,Open,2026-01-24,2027-09-16
5208,Medium,Open,2026-07-19,2026-07-01
3373,Low,Open,2027-11-17,2026-02-01
4133,High,Closed,2026-04-09,2027-07-31
6063,High,Closed,2027-07-26,2026-11-29
1826,Low,Closed,2026-10-24,2026-04-19
3946,High,Open,2027-03-28,2027-06-25
2386,Low,Open,2027-06-29,2026-01-15
7135,High,Closed,2026-06-04,2026-07-08
9551,Low,Closed,2027-07-25,2026-03-17
9567,Medium,Open,2027-10-06,2026-01-17
2290,Low,Closed,2027-03-13,2027-12-03
7566,High,Closed,2026-04-03,2026-08-10
9541,Medium,Closed,2027-12-03,2026-02-15
9916,Low,Open,2026-04-03,2026-11-12
2036,High,Closed,2027-09-20,2027-07-18
5464,Low,Open,2027-10-28,2027-08-14
7828,High,Closed,2027-01-12,2026-07-13
6651,Medium,Closed,2026-10-01,2027-04-15
9132,Low,Closed,2027-09-24,2027-02-19
4955,Medium,Open,2026-11-12,2027-05-21
5424,Medium,Closed,2026-08-22,2026-01-09
9274,High,Closed,2027-08-09,2026-12-14
7597,High,Closed,2027-10-10,2026-03-05
7803,Medium,Closed,2026-10-29,2026-01-09
5310,Low,Closed,2027-11-30,2027-10-06
5352,High,Open,2026-06-28,2026-07-18
5222,Low,Open,2027-02-01,2026-10-25
4585,High,Open,2027-08-25,2026-06-06
6304,High,Open,2027-12-30,2026-06-26
2349,Medium,Closed,2027-12-26,2027-05-26
1881,Low,Open,2027-12-09,2026-11-29
7832,Low,Open,2027-09-27,2027-07-26
5504,Low,Open,2027-07-19,2027-03-30
6176,Low,Open,2026-02-18,2026-11-23
8677,Medium,Closed,2027-03-25,2027-03-04
8762,Medium,Closed,2026-09-03,2026-09-15
3953,Low,Closed,2026-09-24,2027-12-30
3040,Medium,Closed,2026-11-06,2026-08-05
3006,Low,Closed,2027-04-19,2026-09-08
8684,Medium,Open,2027-03-03,2027-03-18
6843,High,Closed,2027-11-13,2027-03-31
8787,High,Open,2027-07-25,2027-09-14
3343,Low,Open,2026-11-24,2026-08-02
8452,Medium,Closed,2027-11-19,2026-04-24
7890,Low,Open,2026-08-13,2027-11-01
1848,Low,Open,2027-04-06,2027-08-05
8046,High,Closed,2026-01-14,2026-04-10
9517,Low,Open,2026-08-31,2027-09-04
6371,Low,Closed,2027-02-10,2027-01-21
7661,Medium,Closed,2027-10-30,2027-10-04
5025,Medium,Open,2026-05-06,2027-12-04
2850,High,Closed,2027-12-04,2026-09-06
2892,Medium,Open,2026-07-29,2027-10-06
2239,High,Open,2027-06-06,2026-04-19
5680,Low,Closed,2026-11-11,2027-08-14
3972,Medium,Closed,2027-06-24,2026-06-04
9861,High,Open,2027-11-28,2026-08-17
9272,Medium,Open,2026-05-05,2026-09-12
5365,Medium,Open,2027-03-24,2027-10-24
5814,Medium,Closed,2027-01-15,2027-10-03
6044,Low,Open,2026-10-06,2027-03-16
2019,Low,Closed,2026-06-05,2026-11-29
7738,High,Closed,2026-03-04,2026-07-22
2299,High,Closed,2026-08-06,2026-08-29
9580,High,Open,2027-05-31,2026-03-07
5810,Low,Closed,2027-04-06,2027-08-03
8639,Low,Closed,2027-01-19,2026-11-06
2993,Medium,Open,2027-11-03,2026-08-18
4886,High,Open,2026-02-26,2027-03-28
6973,Medium,Open,2026-12-17,2027-06-03
4130,Medium,Closed,2027-09-09,2026-11-14
9266,High,Closed,2026-12-15,2027-08-05
3848,High,Open,2026-04-22,2027-11-01
4159,High,Open,2027-02-27,2026-02-23
3419,High,Closed,2026-01-15,2026-11-13
6212,Low,Open,2026-04-16,2027-05-08
1877,High,Open,2027-11-28,2027-09-17
3945,Low,Closed,2026-05-24,2027-11-23
5835,Low,Closed,2027-01-19,2027-11-15
2941,Medium,Closed,2026-04-27,2027-03-08
4775,Low,Open,2026-08-28,2026-02-05
1519,Medium,Closed,2027-09-17,2026-12-06
5769,Low,Closed,2027-05-15,2026-03-11
7354,High,Closed,2027-07-23,2027-11-18
7495,High,Closed,2026-10-27,2026-01-10
7312,Medium,Closed,2027-01-01,2026-04-25
8751,Low,Open,2027-02-18,2027-04-15
8128,High,Open,2027-12-03,2027-01-04
5441,High,Open,2027-10-17,2027-10-19
1924,Low,Closed,2027-05-14,2026-12-27
8743,Medium,Open,2026-11-19,2026-03-28
4245,Medium,Open,2026-12-18,2027-10-24
1962,Medium,Closed,2027-06-19,2026-08-12
9995,High,Open,2026-10-11,2026-02-18
8715,High,Open,2027-06-21,2027-11-07
4570,Low,Closed,2027-04-18,2027-11-28
8912,Medium,Open,2027-04-07,2027-10-06
9782,High,Closed,2026-08-19,2027-09-22
9437,Low,Closed,2027-05-31,2027-12-16
3037,Medium,Open,2026-02-11,2026-07-01
5829,High,Closed,2027-12-15,2026-06-24
3719,Medium,Open,2027-04-29,2026-09-17
5460,Low,Closed,2026-12-14,2027-12-29
6098,Low,Closed,2027-07-01,2026-10-20
9210,High,Closed,2027-09-13,2026-05-10
7923,Low,Open,2027-01-08,2027-06-19
8176,High,Closed,2027-04-19,2027-09-24
3618,Low,Open,2026-11-14,2027-11-11
5015,Medium,Closed,2026-05-05,2026-06-23
5799,Medium,Open,2027-07-25,2026-07-02
8520,Medium,Open,2027-10-15,2027-07-04
1914,High,Closed,2026-12-10,2027-10-14
1272,High,Open,2027-12-14,2026-08-01
7360,Low,Open,2027-07-12,2026-06-30
5493,Medium,Closed,2027-03-08,2026-11-13
2457,High,Open,2026-07-07,2027-04-14
5817,High,Closed,2027-02-23,2027-10-26
2211,High,Closed,2026-05-31,2027-05-24
6692,Low,Closed,2027-10-10,2026-12-14
3005,Low,Closed,2026-02-21,2027-12-27
6195,Medium,Open,2027-03-24,2027-03-02
5134,High,Open,2027-05-05,2026-12-07
5417,High,Open,2027-09-21,2026-07-08
4635,High,Closed,2026-04-26,2027-05-23
8070,Low,Closed,2027-12-30,2026-08-08
5938,Low,Closed,2027-04-04,2027-11-07
4340,Medium,Closed,2026-12-09,2027-01-27
6792,Medium,Closed,2026-07-31,2027-10-16
1506,High,Closed,2027-11-02,2026-04-20
7067,High,Open,2026-06-20,2027-07-15
5934,High,Closed,2026-12-29,2027-01-08
3059,Medium,Closed,2027-03-05,2027-03-18
6175,Low,Closed,2026-11-20,2027-06-10
6498,Medium,Closed,2026-06-14,2027-08-18
3149,High,Open,2027-01-01,2027-06-08
4841,High,Closed,2026-10-05,2026-09-05
7176,High,Open,2027-01-30,2027-03-28
4024,Low,Closed,2026-07-08,2027-11-05
4727,High,Closed,2026-07-01,2027-01-19
4837,High,Open,2027-08-05,2026-04-26
9992,Medium,Open,2026-04-30,2027-06-18
8388,High,Open,2026-02-21,2026-06-11
4581,Low,Open,2026-10-30,2026-05-03
3897,High,Closed,2027-06-16,2026-09-02
6311,High,Closed,2027-12-16,2027-10-20
6908,High,Closed,2027-04-03,2027-10-16
6383,Low,Closed,2027-06-30,2026-05-13
3397,High,Closed,2027-11-05,2027-09-29
3777,Medium,Open,2026-03-08,2026-04-29
4435,Medium,Closed,2027-07-29,2027-02-24
1887,Medium,Closed,2026-03-18,2026-01-02
8416,Medium,Open,2026-04-09,2027-12-02
5685,High,Closed,2027-04-19,2027-12-29
1827,Low,Closed,2026-11-21,2026-05-09
7507,Low,Closed,2027-01-03,2026-01-03
5489,High,Closed,2027-04-17,2027-08-03
6992,High,Open,2026-03-01,2026-06-03
2018,Low,Open,2026-04-24,2026-11-10
5733,Medium,Open,2027-03-09,2027-10-24
8871,Low,Closed,2026-07-04,2026-06-22
4007,High,Closed,2026-04-13,2027-08-16
6705,Low,Open,2026-06-01,2026-11-13
1740,High,Open,2026-05-31,2026-07-09
3056,Medium,Closed,2027-01-24,2026-06-30
8214,Low,Closed,2026-05-25,2027-12-23
4487,Medium,Closed,2027-01-16,2026-11-05
5034,High,Closed,2026-06-09,2026-10-28
2224,Medium,Closed,2026-12-31,2027-10-16
5334,High,Closed,2027-08-17,2026-04-13
6364,High,Closed,2026-03-09,2026-04-26
4693,High,Open,2027-02-13,2026-07-30
8468,High,Open,2026-06-14,2027-01-24
3373,Medium,Open,2027-11-10,2026-05-25
5557,Low,Open,2026-04-18,2026-12-30
8887,Medium,Open,2026-12-04,2027-10-11
5905,Low,Closed,2026-08-16,2027-03-01
1057,Medium,Closed,2027-08-22,2026-04-27
1585,Low,Closed,2027-06-24,2027-11-25
5967,High,Closed,2027-10-22,2027-07-18
5417,Medium,Open,2027-07-15,2027-07-26
3597,Medium,Open,2026-05-12,2026-01-27
5771,Low,Open,2027-05-24,2026-09-08
9426,High,Closed,2027-06-03,2027-06-16
7715,Low,Closed,2027-11-13,2027-07-05
9993,Low,Closed,2026-12-09,2026-02-15
1375,Low,Open,2026-01-12,2027-07-05
9142,High,Open,2026-07-23,2026-04-20
4377,Low,Open,2027-04-14,2026-08-29
9169,High,Open,2026-07-28,2027-11-26
9866,Medium,Open,2027-12-19,2027-04-20
7972,High,Open,2027-10-29,2027-05-20
6972,Medium,Open,2026-08-29,2026-03-03
1234,Low,Closed,2027-10-03,2027-11-08
6881,Low,Closed,2026-07-05,2026-02-24
7583,Low,Closed,2026-10-24,2027-06-24
3609,Medium,Open,2026-01-25,2026-09-17
5719,Medium,Open,2027-06-27,2026-02-23
8826,Medium,Closed,2027-12-10,2027-10-31
1162,Medium,Closed,2027-08-07,2027-01-04
2774,High,Open,2027-06-30,2027-12-11
4308,Low,Closed,2027-03-03,2027-10-31
4087,High,Open,2027-10-31,2027-07-17
4675,High,Open,2027-09-03,2026-03-03
9326,High,Closed,2027-04-17,2026-07-29
5617,Medium,Closed,2027-03-19,2026-10-18
7659,Low,Open,2027-10-18,2027-06-22
6648,Low,Open,2026-02-26,2027-09-05
3618,Low,Closed,2026-08-04,2026-12-21
2464,High,Open,2027-07-16,2027-04-01
5590,High,Open,2026-12-11,2026-11-20
4810,Medium,Closed,2026-03-02,2026-06-24
1738,High,Closed,2027-10-08,2026-06-06
1287,Low,Closed,2027-07-25,2026-03-11
1861,High,Closed,2026-09-09,2027-07-06
1026,High,Closed,2027-03-18,2026-01-11
2347,High,Open,2026-11-16,2027-08-13
2239,High,Closed,2026-12-24,2026-08-07
3048,Medium,Open,2027-12-25,2027-03-03
8049,Medium,Closed,2027-04-01,2027-06-10
6561,High,Closed,2027-01-16,2027-01-16
1212,Medium,Open,2027-07-17,2027-03-22
8783,High,Closed,2026-03-06,2026-09-28
4696,High,Open,2027-04-07,2026-10-03
1877,High,Open,2027-08-08,2027-11-04
3861,Medium,Open,2026-09-13,2027-04-02
1642,Medium,Closed,2026-02-27,2027-09-25
8406,Low,Open,2026-02-24,2027-10-03
9951,Medium,Closed,2027-04-16,2026-12-08
9354,Low,Closed,2026-05-21,2026-08-24
8594,Low,Open,2027-09-17,2027-01-22
3239,Medium,Closed,2026-07-27,2026-12-20
9601,Medium,Open,2027-07-30,2026-01-05
8849,Low,Closed,2026-08-08,2027-03-22
2448,High,Open,2026-07-29,2027-07-23
1250,Low,Closed,2026-08-10,2027-04-04
3455,Low,Open,2026-10-14,2027-01-04
5005,Medium,Open,2026-09-17,2026-09-22
7023,Medium,Open,2027-07-02,2026-01-26
5181,High,Closed,2026-10-16,2027-09-14
5936,Low,Open,2027-11-13,2027-09-15
6568,Low,Closed,2027-11-14,2026-06-05
1488,Low,Open,2027-04-10,2027-07-31
2474,Medium,Closed,2027-11-22,2026-07-14
6820,High,Open,2026-05-05,2026-08-17
6000,Medium,Open,2027-11-26,2027-01-14
6623,Medium,Closed,2027-12-07,2027-04-29
8052,Medium,Closed,2026-11-13,2026-01-25
5101,Medium,Open,2027-07-23,2027-06-14
5987,High,Closed,2027-09-03,2026-02-02
2680,Medium,Open,2027-02-16,2026-12-22
5480,Low,Closed,2026-05-30,2026-09-13
7837,High,Closed,2027-12-21,2026-04-21
7962,High,Closed,2027-03-03,2027-08-28
1949,Medium,Open,2027-02-05,2027-04-13
3821,High,Open,2027-02-07,2026-07-05
9929,Medium,Closed,2027-04-17,2026-02-13
9749,Medium,Open,2026-08-11,2026-01-18
7821,High,Closed,2026-11-21,2026-05-26
2573,Medium,Closed,2027-01-17,2027-01-07
7981,Low,Closed,2026-05-08,2027-09-16
6382,High,Open,2027-06-03,2026-11-28
4380,Medium,Open,2026-06-02,2027-07-10
7308,Low,Closed,2026-06-14,2026-11-04
8612,Low,Open,2026-10-13,2026-09-11
4409,Low,Open,2027-06-07,2027-07-22
6557,Low,Open,2026-04-28,2027-03-17
4685,Medium,Open,2027-05-27,2026-09-12
1680,Medium,Closed,2027-08-15,2026-04-03
3869,High,Closed,2027-10-14,2026-12-29
1488,High,Open,2026-10-28,2026-04-30
4036,Medium,Open,2027-10-29,2027-02-23
5124,Low,Closed,2026-11-04,2026-08-15
1909,Low,Open,2027-10-18,2026-05-19
6691,Medium,Closed,2026-08-03,2027-09-04
1997,Medium,Open,2027-07-03,2026-12-10
8301,High,Closed,2026-06-23,2026-01-05
8335,Low,Closed,2026-01-16,2027-05-08
6525,Low,Open,2026-01-30,2026-04-29
6840,Low,Closed,2027-04-09,2026-10-24
4797,High,Open,2027-06-08,2026-10-09
7846,Low,Closed,2027-04-16,2026-03-26
5591,High,Closed,2027-05-28,2027-12-26
8125,Medium,Closed,2026-03-07,2027-10-20
4578,High,Open,2026-10-14,2027-10-13
7981,High,Closed,2026-08-26,2027-06-17
9857,Medium,Closed,2026-09-08,2026-05-28
3090,Low,Closed,2027-01-21,2026-02-14
8139,High,Closed,2026-05-09,2026-10-25
8277,High,Closed,2027-02-08,2026-04-27
9382,Low,Closed,2027-07-22,2027-11-23
2849,Low,Open,2027-06-30,2026-10-14
4279,High,Closed,2026-09-11,2026-07-05
6153,Medium,Closed,2026-07-09,2026-05-15
9730,Low,Closed,2026-10-01,2026-02-08
9333,Low,Open,2027-03-14,2026-02-06
7716,Medium,Open,2027-06-05,2026-05-01
9374,Medium,Closed,2027-11-25,2026-07-30
9181,Medium,Closed,2027-09-15,2026-10-01
8990,High,Closed,2026-12-20,2027-01-21
2308,Low,Closed,2026-10-25,2026-05-05
9753,Medium,Open,2027-08-01,2026-05-01
3125,High,Open,2027-05-26,2027-07-25
6434,Medium,Closed,2026-10-19,2026-11-10
9205,High,Open,2026-06-11,2026-01-24
1241,High,Closed,2027-11-03,2026-07-29
7925,Medium,Closed,2026-07-10,2027-12-18
1066,Low,Closed,2027-12-22,2027-02-20
1351,Low,Open,2026-08-21,2027-07-21
6306,Medium,Open,2026-02-18,2027-03-01
6306,High,Open,2027-04-22,2026-07-11
5928,Low,Open,2027-11-26,2027-03-10
5652,Low,Closed,2026-05-06,2027-01-15
2748,High,Closed,2027-05-15,2027-01-10
2189,Low,Open,2026-08-31,2026-10-05
6368,Medium,Open,2026-12-18,2026-12-20
1563,High,Open,2027-10-08,2027-01-15
4007,High,Open,2026-02-19,2027-12-07
2991,Low,Closed,2027-10-14,2026-05-02
3831,High,Open,2026-07-02,2027-08-23
9353,Low,Open,2026-11-07,2027-10-27
6201,Low,Closed,2026-01-31,2027-10-01
7756,High,Closed,2026-05-07,2026-05-31
7533,Medium,Open,2027-04-08,2027-12-03
9871,Low,Open,2026-03-17,2026-09-14
3238,Low,Open,2026-03-12,2026-09-04
6806,High,Closed,2026-01-24,2027-08-05
4764,Low,Open,2026-11-04,2026-07-19
8383,Low,Closed,2027-06-10,2027-05-26
4146,Low,Open,2026-10-12,2027-07-03
8093,High,Open,2027-07-25,2026-04-11
3299,High,Closed,2026-02-21,2027-12-16
6765,High,Closed,2026-04-20,2026-08-15
2919,High,Open,2027-03-06,2026-08-03
6524,Low,Closed,2026-07-29,2026-05-29
1731,High,Open,2027-01-03,2027-10-09
5916,Low,Open,2026-11-01,2026-01-24
2515,Medium,Open,2027-07-24,2026-04-30
9359,Medium,Open,2027-03-24,2027-01-04
8973,Medium,Open,2026-12-29,2027-01-14
1184,High,Closed,2027-09-15,2026-02-09
3726,High,Closed,2026-12-30,2027-12-08
8967,Low,Open,2026-12-14,2027-02-08
9730,Medium,Closed,2027-07-17,2026-12-09
2537,High,Closed,2027-04-21,2027-02-24
6784,High,Open,2026-08-04,2027-11-20
5865,High,Open,2026-02-06,2027-04-06
5418,High,Closed,2027-12-11,2026-09-05
5542,High,Open,2027-06-17,2026-04-21
4831,Medium,Closed,2026-03-25,2026-02-23
4902,High,Open,2026-09-09,2026-10-29
4636,Low,Closed,2026-05-27,2026-08-05
2007,High,Open,2027-02-03,2027-03-09
5554,Low,Closed,2026-02-13,2027-01-27
5699,High,Open,2026-11-07,2026-10-30
9356,Low,Open,2027-03-24,2026-11-21
2337,Low,Open,2026-05-17,2027-03-03
5035,Medium,Closed,2027-08-19,2026-04-07
7591,Medium,Closed,2026-12-22,2027-11-07
5300,Low,Open,2026-10-18,2027-10-14
2033,High,Closed,2027-04-02,2026-06-06
2652,High,Closed,2027-05-22,2027-02-15
7492,Low,Closed,2027-01-29,2026-12-30
7454,High,Open,2026-01-07,2027-08-13
9165,Low,Open,2027-08-11,2026-05-08
1065,High,Open,2027-05-15,2027-12-04
7416,Medium,Closed,2027-12-22,2026-10-20
3844,Low,Closed,2027-05-02,2026-11-03
1254,Low,Open,2026-02-05,2027-02-27
6813,High,Open,2026-02-18,2026-01-09
5730,Medium,Closed,2026-07-14,2027-12-20
7017,Medium,Open,2026-03-01,2026-07-18
7695,Low,Open,2027-03-29,2026-04-17
4260,Low,Open,2027-11-27,2027-09-01
7063,High,Open,2027-04-10,2026-12-15
5999,High,Open,2027-06-11,2027-07-17
8248,Medium,Closed,2027-05-02,2026-01-26
1188,Low,Closed,2026-02-18,2027-08-17
7204,High,Open,2027-08-14,2027-05-01
4189,Low,Closed,2027-01-30,2026-01-29
8663,Low,Open,2027-11-29,2027-06-28
5217,Medium,Open,2027-02-20,2026-12-20
8928,Low,Open,2027-04-07,2026-10-21
1265,High,Closed,2026-07-03,2027-09-03
9630,High,Closed,2026-07-31,2026-09-11
8027,Low,Open,2026-04-05,2027-07-07
5366,Medium,Closed,2027-04-03,2027-08-13
2074,Low,Closed,2027-01-18,2026-10-02
2404,High,Closed,2026-09-15,2027-10-09
8198,Medium,Open,2027-10-16,2027-12-07
1865,Medium,Closed,2027-12-10,2026-12-24
5127,High,Open,2027-09-09,2027-01-21
1104,Medium,Closed,2026-08-01,2027-02-25
4418,Medium,Open,2026-11-24,2027-09-12
5481,Low,Closed,2027-07-31,2027-01-12
8251,High,Closed,2026-01-23,2026-09-05
5589,High,Open,2027-02-25,2027-03-07
3501,High,Closed,2027-05-29,2026-09-07
8269,Medium,Closed,2026-01-01,2026-11-25
8416,Medium,Closed,2027-04-22,2026-12-24
8523,Medium,Closed,2026-10-01,2027-05-12
6894,High,Open,2027-05-19,2026-03-18
2126,Medium,Closed,2027-10-22,2026-10-16
2226,Low,Open,2027-09-06,2027-04-04
9872,High,Closed,2026-07-26,2027-09-22
7886,Medium,Open,2027-09-24,2026-12-17
2020,Low,Closed,2027-09-04,2027-11-25
8562,Low,Open,2027-03-24,2026-11-06
7789,Low,Closed,2026-09-09,2026-10-13
6989,High,Closed,2026-08-16,2026-05-20
3489,Medium,Open,2026-10-31,2026-05-09
2962,Low,Open,2026-02-23,2027-11-03
4203,High,Open,2026-03-12,2026-01-29
8788,Low,Open,2027-11-23,2026-02-23
9793,High,Closed,2026-03-06,2026-12-26
5355,High,Open,2026-05-09,2027-06-06
5418,Low,Closed,2026-04-06,2026-04-14
2250,Low,Open,2026-03-24,2027-08-25
4893,High,Open,2026-11-25,2026-03-23
2011,High,Closed,2026-08-06,2027-10-31
7115,High,Closed,2026-09-07,2026-05-14
1883,Medium,Open,2026-04-07,2027-05-03
7135,Medium,Closed,2027-10-29,2027-11-19
3698,Low,Open,2026-11-09,2026-02-16
2132,Low,Open,2027-02-11,2027-04-13
7136,Low,Closed,2026-11-06,2026-09-27
2424,High,Open,2026-12-12,2026-05-14
1502,Medium,Closed,2027-12-19,2027-01-02
1658,Medium,Open,2026-08-16,2026-11-19
8466,Medium,Closed,2027-06-16,2027-06-22
5812,Low,Closed,2026-09-27,2027-11-01
2405,Medium,Open,2027-02-01,2027-08-21
7714,Medium,Open,2026-12-03,2026-08-24
8430,Low,Closed,2027-06-26,2027-12-06
7751,High,Closed,2026-02-03,2027-05-11
8139,High,Open,2027-09-11,2026-05-24
9257,High,Open,2027-01-22,2026-11-16
4241,Medium,Closed,2027-05-07,2026-12-30
6534,Low,Closed,2027-05-22,2027-09-01
2151,Low,Closed,2026-05-29,2026-04-25
2391,High,Closed,2026-04-13,2027-04-06
8196,High,Closed,2026-10-23,2026-11-15
8666,Low,Open,2026-09-23,2027-12-24
5368,Low,Open,2027-08-18,2027-07-08
7667,Low,Closed,2027-05-01,2026-05-23
8454,Medium,Closed,2026-10-15,2027-04-22
7554,Low,Open,2026-08-23,2026-01-23
4066,Low,Closed,2027-06-09,2027-09-29
7472,Medium,Open,2027-02-05,2026-04-13
8039,High,Closed,2026-02-26,2027-11-17
5456,Medium,Closed,2027-07-27,2027-10-21
3987,High,Open,2026-03-12,2027-05-21
8562,Low,Closed,2027-01-16,2027-03-28
7120,Medium,Closed,2027-06-29,2027-01-17
2523,Low,Closed,2026-11-30,2026-02-19
9141,High,Open,2027-06-08,2027-05-28
3835,Low,Closed,2026-01-07,2027-12-13
9669,Low,Closed,2026-10-29,2027-11-23
8485,Low,Closed,2027-08-12,2026-02-19
6913,High,Open,2027-02-20,2026-02-14
5587,Low,Open,2026-02-27,2027-05-06
9395,Medium,Closed,2026-06-18,2027-04-05
7059,High,Closed,2026-05-20,2027-01-26
7298,High,Open,2026-05-26,2027-01-27
3338,Medium,Open,2027-02-20,2027-09-10
8649,Low,Open,2027-01-12,2027-06-29
4680,High,Open,2026-10-11,2027-12-02
6942,Medium,Closed,2027-12-25,2026-04-19
1739,Low,Closed,2027-05-04,2027-11-15
2134,Low,Closed,2027-11-01,2027-08-15
5543,High,Closed,2026-12-15,2027-11-19
3156,Medium,Open,2026-07-01,2027-01-13
9257,Medium,Closed,2027-05-07,2027-05-11
1176,Low,Open,2026-11-15,2027-09-20
8858,High,Open,2027-06-17,2027-05-21
6648,Low,Open,2027-12-02,2026-07-21
2310,High,Closed,2026-09-06,2026-10-02
4769,Low,Open,2026-03-03,2027-12-19
9130,High,Closed,2027-10-06,2027-01-09
1249,Medium,Open,2026-06-14,2027-10-24
6244,Medium,Open,2027-01-06,2027-01-03
9188,High,Closed,2027-02-06,2027-06-01
7247,High,Open,2026-08-06,2026-02-20
8466,Medium,Closed,2026-09-06,2026-07-28
4317,Low,Open,2027-01-12,2026-08-06
5207,Medium,Closed,2026-08-29,2027-11-15
3248,Medium,Open,2027-01-18,2026-09-05
8355,High,Closed,2026-05-04,2026-04-14
9473,Medium,Open,2026-11-04,2026-06-15
8596,High,Open,2026-05-20,2026-09-09
2368,Medium,Open,2026-12-14,2026-11-06
3047,Medium,Open,2027-01-17,2026-06-22
4649,Low,Closed,2026-05-29,2027-03-05
2447,Medium,Open,2026-06-10,2027-05-02
7431,Low,Open,2027-05-15,2027-03-13
9030,Low,Open,2026-04-05,2026-10-11
8485,Medium,Closed,2027-11-09,2026-03-14
4255,Low,Closed,2027-08-12,2027-01-25
7081,Medium,Closed,2027-07-07,2027-07-06
8237,Medium,Closed,2026-10-28,2027-10-06
4395,High,Closed,2027-10-03,2027-04-21
1802,Low,Open,2026-06-10,2027-06-26
2761,Medium,Closed,2026-09-07,2027-07-19
4617,High,Open,2026-08-17,2027-05-18
7411,Medium,Closed,2026-01-24,2027-09-12
4385,High,Closed,2026-09-25,2026-10-25
6292,High,Open,2026-02-26,2026-08-26
1670,High,Closed,2026-04-15,2026-08-08
3183,Low,Closed,2027-07-25,2027-05-24
5044,Medium,Open,2026-06-20,2027-10-17
6017,Low,Open,2027-06-02,2026-11-15
5025,Medium,Open,2026-11-08,2027-03-04
5871,Medium,Open,2027-01-13,2027-09-25
6602,Medium,Closed,2026-12-24,2026-12-18
1795,Low,Open,2027-12-01,2026-10-11
4691,Medium,Open,2026-10-05,2026-11-01
1136,Low,Open,2026-01-19,2027-07-09
8300,Low,Open,2027-07-19,2026-10-14
5168,High,Closed,2027-04-01,2026-05-21
4693,High,Open,2027-06-08,2027-07-30
2962,High,Closed,2027-07-15,2027-05-17
2430,Low,Closed,2026-01-21,2026-05-03
2481,Low,Open,2027-04-01,2027-06-08
8894,Medium,Closed,2026-09-24,2026-05-01
9345,Medium,Open,2026-08-29,2026-11-12
7325,Low,Open,2027-12-21,2027-03-24
9167,Medium,Closed,2026-04-29,2026-12-02
3034,Low,Closed,2027-04-11,2026-05-01
1180,Low,Open,2026-12-03,2026-03-14
6816,Medium,Closed,2026-07-05,2026-05-15
8482,Low,Closed,2026-12-30,2026-02-09
6112,Medium,Open,2027-06-02,2026-04-23
7248,Medium,Open,2026-02-25,2026-10-17
7127,Low,Open,2026-02-12,2026-05-20
6097,Low,Open,2026-03-12,2026-03-06
6410,High,Open,2027-03-23,2027-08-12
1618,High,Closed,2027-11-04,2027-04-15
9556,Medium,Closed,2027-01-03,2027-12-08
2763,Low,Open,2027-07-24,2027-07-24
7766,Low,Open,2027-09-22,2026-10-05
8156,Low,Closed,2026-09-10,2027-05-26
5079,Low,Closed,2027-02-11,2026-10-04
4695,Low,Closed,2027-08-14,2026-08-18
4176,Low,Closed,2026-02-08,2026-02-04
9623,High,Open,2027-03-13,2026-08-02
1197,Low,Closed,2026-01-09,2026-08-02
9706,High,Open,2026-01-19,2026-03-22
4195,Medium,Closed,2026-11-02,2026-12-24
4233,Medium,Closed,2026-11-02,2026-02-18
5457,High,Open,2027-08-07,2026-05-30
9696,Low,Open,2027-01-31,2027-10-24
9756,Low,Closed,2026-09-04,2026-06-11
2786,High,Closed,2027-04-07,2026-12-01
5157,Medium,Closed,2026-01-22,2027-01-02
6734,Medium,Closed,2027-10-13,2026-09-08
5448,High,Open,2026-11-09,2027-11-08
5343,Low,Open,2027-03-16,2027-12-28
6599,High,Closed,2027-04-23,2027-08-07
4389,Low,Open,2027-07-17,2026-02-24
4687,Medium,Closed,2027-12-21,2026-12-29
7362,Medium,Open,2026-01-02,2026-04-02
4620,Medium,Open,2026-09-09,2026-05-13
8918,High,Open,2027-06-29,2026-01-05
7755,High,Open,2027-12-03,2027-08-28
9035,Low,Open,2027-02-07,2027-12-20
9516,Low,Closed,2027-12-11,2026-10-12
8495,Low,Open,2027-08-11,2026-09-17
2554,Medium,Closed,2027-05-14,2027-11-18
5736,Low,Open,2027-08-16,2026-02-06
9462,High,Open,2027-12-29,2026-10-13
6802,Medium,Open,2027-05-12,2026-02-06
8048,Medium,Open,2026-06-19,2026-07-11
8756,High,Open,2027-11-03,2027-12-10
9953,Medium,Open,2026-04-03,2027-04-12
2063,Low,Open,2027-07-12,2026-04-16
9163,Medium,Closed,2026-10-15,2027-02-13
6366,Medium,Open,2026-12-21,2026-07-04
1621,Low,Open,2026-04-03,2026-03-17
2757,Low,Closed,2026-05-31,2027-10-19
4962,Low,Closed,2027-05-10,2027-03-31
6790,Low,Closed,2026-11-08,2027-06-13
3246,Medium,Open,2026-07-16,2027-03-07
7882,Low,Open,2027-10-11,2027-01-19
9530,Low,Closed,2026-07-21,2027-05-24
6384,Medium,Closed,2026-04-01,2027-09-07
3863,High,Closed,2027-07-02,2026-01-20
3895,Low,Open,2026-08-14,2027-11-06
6895,High,Closed,2027-03-31,2026-09-24
1269,High,Open,2026-07-23,2026-03-31
2149,Low,Closed,2027-09-08,2026-08-30
4795,High,Open,2027-04-06,2027-06-02
7662,High,Open,2027-02-08,2026-09-21
3897,Medium,Open,2026-01-12,2027-12-26
9635,Low,Closed,2026-06-01,2027-08-02
4472,Low,Open,2027-12-06,2026-05-23
2034,Medium,Closed,2026-02-20,2027-09-11
1067,High,Closed,2026-01-15,2027-02-15
2483,High,Open,2027-12-12,2027-06-15
1954,Medium,Closed,2026-05-22,2027-10-15
6379,Low,Closed,2026-06-28,2027-11-28
7460,Low,Closed,2026-06-18,2026-05-30
2257,Medium,Open,2026-05-31,2027-08-07
5595,Medium,Open,2026-05-11,2026-03-08
6531,Medium,Closed,2026-06-19,2026-12-26
2641,Low,Closed,2026-03-12,2026-10-21
9543,Medium,Closed,2027-12-21,2026-10-11
7454,Low,Open,2027-07-17,2026-08-23
4980,Low,Closed,2027-06-24,2027-11-10
8900,Medium,Open,2026-03-08,2026-06-17
9549,Low,Closed,2026-10-02,2026-10-04
5883,Medium,Open,2026-04-13,2026-07-20
6688,High,Open,2026-04-09,2026-03-07
1699,Medium,Open,2026-09-08,2027-10-21
1908,High,Open,2027-07-10,2027-05-14
9326,High,Open,2026-09-20,2027-06-28
8433,High,Closed,2026-07-13,2027-07-10
6958,Low,Open,2027-04-14,2026-09-30
7883,Medium,Closed,2027-09-21,2026-02-18
9077,Medium,Closed,2026-12-28,2027-02-17
7661,High,Closed,2027-10-05,2027-03-14
2513,High,Closed,2026-03-21,2026-07-24
1026,Low,Open,2026-04-04,2026-01-28
9993,Low,Closed,2027-01-29,2027-02-10
1731,High,Closed,2026-06-04,2027-10-18
2992,Medium,Open,2026-09-28,2026-03-30
7802,Medium,Open,2027-09-26,2027-01-20
6244,Low,Closed,2027-09-02,2027-01-13
7153,Low,Closed,2026-05-04,2027-10-20
9508,Low,Open,2026-06-30,2027-09-08
6532,Medium,Open,2027-10-04,2026-05-24
5162,Medium,Open,2026-06-13,2026-02-05
2099,High,Open,2026-06-09,2027-08-09
9086,Medium,Closed,2027-05-06,2026-11-11
7138,Low,Closed,2026-08-18,2027-05-06
8683,Medium,Open,2027-07-23,2027-12-13
1942,Medium,Closed,2026-09-29,2027-08-11
4575,Medium,Closed,2027-08-03,2027-08-18
7295,Medium,Open,2027-06-07,2027-12-27
2973,Low,Open,2027-10-21,2026-06-30
2432,Medium,Open,2026-05-09,2026-12-11
3652,High,Open,2026-08-06,2027-05-17
2997,Low,Closed,2027-05-21,2026-11-29
2516,Medium,Open,2027-09-28,2026-12-16
4798,High,Open,2026-11-25,2026-01-04
8118,Low,Open,2027-04-25,2027-03-13
7952,Medium,Open,2026-07-22,2026-01-04
9544,Low,Open,2026-06-26,2027-01-11
5633,Low,Open,2026-04-04,2027-09-24
1061,Low,Open,2026-11-05,2027-02-05
6552,Medium,Closed,2027-10-03,2026-02-06
9203,Medium,Open,2027-09-02,2027-09-28
4926,Low,Closed,2026-07-22,2027-01-22
1935,Medium,Closed,2026-11-26,2027-03-23
5181,Low,Open,2026-07-17,2027-07-02
1013,Medium,Closed,2027-11-12,2026-07-15
9572,High,Open,2026-04-07,2027-01-08
3101,High,Closed,2026-12-10,2027-11-22
5096,High,Open,2027-06-24,2026-10-06
3921,Low,Closed,2026-11-21,2027-10-02
9680,Medium,Open,2026-10-23,2027-06-30
4196,Low,Open,2027-02-16,2026-01-02
1890,Medium,Open,2026-03-19,2026-10-28
6550,Medium,Open,2026-03-01,2026-02-07
1977,Medium,Open,2027-11-09,2026-03-25
3191,Low,Closed,2026-05-08,2027-03-11
3327,Medium,Closed,2027-02-09,2026-08-23
9651,Medium,Closed,2026-08-14,2027-09-21
6639,Medium,Open,2027-09-17,2026-12-25
6583,Medium,Open,2026-01-17,2026-04-22
3608,Medium,Open,2026-04-20,2026-12-28
6581,High,Open,2027-08-23,2026-02-27
3487,Low,Open,2026-08-05,2026-03-15
6312,Medium,Open,2026-11-25,2026-06-06
9173,Low,Open,2027-11-25,2027-08-20
3828,High,Closed,2027-11-06,2026-09-29
4515,Low,Open,2026-03-31,2027-07-09
7358,High,Closed,2026-10-02,2027-08-04
2887,High,Open,2027-07-21,2027-04-06
3220,Medium,Closed,2027-04-22,2026-06-25
5583,High,Closed,2027-07-12,2026-09-09
5608,Low,Closed,2027-07-06,2027-03-10
7142,Low,Closed,2026-07-18,2026-09-07
6018,Medium,Closed,2027-05-13,2027-07-28
1299,High,Open,2026-04-02,2026-02-06
9067,High,Closed,2027-04-22,2027-02-04
8117,Medium,Closed,2026-06-06,2027-01-05
6421,High,Closed,2026-07-26,2026-03-25
5719,Low,Closed,2027-05-12,2027-11-28
9888,High,Closed,2026-08-29,2027-04-03
4536,High,Closed,2027-04-13,2026-07-09
8937,Low,Open,2026-05-05,2027-11-08
6419,Low,Open,2027-07-15,2026-09-15
5683,High,Open,2027-10-15,2027-02-04
6369,High,Open,2026-02-20,2026-05-09
1895,Medium,Closed,2026-08-08,2026-01-06
9100,Medium,Open,2027-03-26,2026-12-25
5762,Low,Open,2027-01-13,2027-06-11
9289,Low,Open,2027-11-18,2027-07-06
2464,Low,Open,2026-10-31,2027-09-26
5162,High,Closed,2026-02-28,2026-05-09
4101,Medium,Open,2027-01-27,2027-09-09
1319,Medium,Open,2027-12-11,2027-12-15
1538,Medium,Open,2026-08-14,2026-07-22
3259,Medium,Open,2026-06-07,2027-07-17
2725,Low,Open,2027-12-10,2027-08-15
1435,Medium,Closed,2026-11-07,2026-02-16
7168,Low,Closed,2027-12-23,2027-08-18
7951,Low,Open,2026-08-11,2027-09-08
4001,Medium,Open,2027-07-07,2027-02-03
6421,Low,Closed,2026-07-14,2026-01-18
4629,Medium,Open,2026-08-12,2027-07-29
6369,High,Closed,2026-06-02,2027-05-21
3520,Low,Closed,2027-09-13,2027-01-18
4198,Low,Open,2026-12-19,2026-03-24
3201,High,Closed,2026-07-11,2026-07-21
2221,Medium,Open,2026-08-20,2026-11-29
2489,Medium,Closed,2027-01-02,2026-08-18
4736,High,Closed,2026-07-11,2026-08-01
1874,Medium,Closed,2026-07-23,2026-05-02
2501,High,Closed,2026-10-03,2027-06-24
9818,Low,Closed,2027-04-10,2027-01-31
8864,High,Closed,2027-08-18,2026-09-07
9786,Low,Open,2026-01-04,2027-12-17
9465,Low,Closed,2026-08-08,2026-07-24
7172,High,Open,2026-06-02,2027-05-14
6450,Low,Closed,2026-12-28,2027-01-25
8528,High,Closed,2026-06-01,2026-11-12
3951,Low,Closed,2027-04-25,2027-02-06
9610,Low,Open,2026-08-06,2027-08-30
2111,High,Open,2026-04-18,2027-06-05
7674,High,Open,2027-02-12,2027-12-30
4824,High,Closed,2027-05-26,2026-04-03
8776,Low,Open,2027-05-10,2027-06-22
9358,Low,Closed,2027-03-16,2026-03-07
3532,High,Open,2026-12-26,2027-04-28
9980,Medium,Open,2026-03-12,2027-01-21
4807,Low,Open,2027-09-26,2026-09-17
3525,Low,Closed,2026-07-06,2026-09-15
1694,Low,Open,2027-05-23,2027-11-22
4633,Medium,Open,2026-07-05,2027-01-03
4852,High,Open,2027-08-03,2027-01-04
7012,Medium,Closed,2026-07-23,2026-03-20
4855,Medium,Closed,2026-08-19,2027-10-26
9268,Low,Open,2027-04-29,2027-05-30
4318,Medium,Closed,2027-09-15,2027-04-26
4995,Medium,Open,2027-12-25,2026-12-06
4395,High,Open,2027-05-21,2027-11-12
6829,High,Closed,2026-04-23,2026-06-30
1432,High,Closed,2026-10-10,2026-08-14
5725,Low,Open,2027-02-26,2027-03-05
4012,Low,Closed,2026-08-21,2027-12-12
6853,Low,Closed,2026-05-12,2026-10-03
7233,Low,Open,2026-06-17,2027-03-24
3736,High,Open,2027-12-13,2027-08-04
5941,Medium,Closed,2027-10-18,2026-06-24
1431,Low,Open,2027-01-26,2027-12-30
2426,High,Open,2026-10-28,2026-09-04
7550,Medium,Open,2027-09-24,2026-05-28
8196,Medium,Open,2027-01-30,2026-03-11
1265,High,Closed,2026-05-01,2026-02-11
5724,Medium,Closed,2026-06-20,2026-07-24
7437,Medium,Open,2027-02-16,2026-11-24
6657,High,Open,2027-05-18,2026-03-15
7688,Medium,Open,2027-05-25,2026-04-22
1993,High,Open,2026-06-12,2026-08-26
6352,Low,Open,2027-09-02,2026-07-25
9379,Low,Closed,2027-05-14,2027-07-20
1116,Medium,Closed,2026-12-21,2027-10-26
3855,Medium,Open,2027-06-19,2026-08-29
6196,Medium,Open,2027-09-28,2026-06-16
1440,High,Open,2026-06-15,2026-07-25
6343,High,Open,2026-12-24,2026-09-14
4314,Low,Open,2026-08-16,2027-11-09
9472,Medium,Open,2026-10-02,2026-05-20
1104,Medium,Open,2026-03-25,2027-03-16
2541,Low,Closed,2026-10-12,2026-05-04
6409,Low,Closed,2026-11-16,2027-11-11
5633,High,Closed,2027-06-25,2027-06-23
3213,Low,Open,2027-10-19,2026-12-26
5912,High,Open,2027-10-06,2027-07-23
8471,Medium,Open,2026-03-22,2027-07-31
2796,Low,Open,2027-09-22,2026-12-17
6463,High,Closed,2027-09-10,2027-05-12
2041,High,Open,2026-05-03,2027-03-20
6307,High,Open,2027-12-11,2026-05-30
7589,High,Open,2027-08-25,2026-04-22
6950,High,Closed,2027-12-29,2026-07-23
3171,Low,Open,2027-12-09,2026-01-06
4674,Low,Open,2027-01-09,2027-02-11
2417,Low,Closed,2026-05-26,2026-07-22
9595,High,Closed,2026-11-15,2027-11-24
3360,Low,Closed,2026-04-05,2026-04-27
9797,Low,Open,2027-05-23,2026-12-20
4123,Medium,Open,2027-09-07,2027-05-27
1789,Medium,Closed,2026-11-02,2027-09-14
4821,Low,Open,2027-10-19,2026-11-28
1085,Low,Open,2026-10-03,2027-05-18
2648,Low,Open,2027-11-22,2027-02-15
1643,High,Closed,2027-06-08,2026-11-08
7262,High,Closed,2026-02-09,2026-01-30
5100,Medium,Open,2027-01-28,2026-11-22
9301,Medium,Closed,2026-05-31,2027-08-24
3466,Low,Open,2027-05-07,2027-01-19
7862,Low,Open,2026-06-06,2026-10-29
6753,High,Closed,2027-09-12,2027-04-20
5359,High,Open,2027-06-23,2026-05-17
1471,High,Open,2026-12-23,2027-11-02
2551,Medium,Open,2027-08-20,2027-08-22
6036,Medium,Closed,2027-03-13,2027-06-14
9580,High,Open,2026-08-14,2027-06-25
5399,High,Open,2027-01-07,2027-01-02
7138,Medium,Closed,2027-11-15,2027-04-19
1557,Medium,Open,2026-11-29,2026-02-25
3903,Low,Open,2026-03-18,2026-07-30
9285,Medium,Closed,2027-03-12,2026-07-13
8661,Medium,Closed,2027-03-23,2027-06-25
1298,Medium,Open,2026-04-14,2027-11-25
5710,High,Open,2027-05-20,2027-05-15
2425,Low,Closed,2027-09-22,2027-12-26
1324,Low,Open,2027-04-21,2027-10-09
5449,Medium,Closed,2026-11-22,2026-11-24
1076,Medium,Open,2027-08-22,2027-08-12
3256,Medium,Open,2027-01-19,2027-08-03
9589,High,Open,2027-09-19,2027-10-17
3496,Medium,Open,2026-02-15,2027-04-18
6747,Medium,Open,2026-12-28,2026-04-20
2127,High,Closed,2027-04-27,2026-08-18
9486,Medium,Closed,2026-10-18,2027-01-03
5097,Low,Closed,2026-04-29,2027-09-18
6380,High,Closed,2026-01-13,2027-08-21
4437,High,Open,2027-08-03,2026-05-25
6135,High,Closed,2027-12-01,2026-01-31
9228,High,Closed,2027-04-16,2026-01-28
7853,Medium,Closed,2026-05-07,2027-06-16
7841,High,Closed,2026-08-25,2027-01-18
1451,Low,Open,2026-10-20,2026-05-22
7583,High,Open,2026-08-11,2026-12-18
