miles_id,miles_type,miles,passenger_id,ticket_id,IS_INSERTED,IS_MODIFIED
5236,Bonus,118.18589779483341,6131,5287,2027-10-19,2027-06-22
1560,Bonus,501.415781633339,6314,1732,2027-08-10,2027-07-04
5240,Normal,375.1933140787497,1181,9245,2026-06-06,2027-02-16
9929,Normal,160.48994760165024,9831,7057,2026-12-05,2027-07-02
8954,Bonus,598.0183984781268,2473,8093,2026-05-24,2026-01-13
5029,Bonus,757.3870982538247,2895,2648,2027-02-12,2026-11-30
8900,Bonus,299.10506220363897,1029,1642,2026-01-23,2027-12-16
6961,Normal,722.7293985678289,3358,7524,2026-11-07,2026-10-04
7097,Normal,562.2132282057944,3755,9116,2027-12-25,2027-06-20
5114,Normal,101.38536050948404,7400,5381,2027-11-08,2026-12-20
4670,Bonus,567.4131768226446,3529,8832,2027-09-09,2026-11-14
2791,Bonus,241.19550382430702,7367,1897,2027-12-07,2027-12-20
1608,Bonus,257.0767828895513,8744,2310,2026-03-12,2027-07-06
3696,Normal,753.2893261325082,3040,2058,2026-07-26,2026-09-09
2137,Normal,686.0093407266537,2649,8640,2026-04-24,2027-10-08
6010,Normal,530.5955062094623,9112,6248,2026-09-05,2026-04-25
6459,Bonus,739.5493980478298,8004,2017,2027-08-19,2026-02-23
1114,Normal,794.092199746908,7980,8915,2026-06-30,2026-08-15
7783,Normal,887.9664632086116,1395,3184,2027-12-22,2027-03-01
6128,Normal,823.9942463659517,3035,2166,2026-12-23,2026-10-03
5928,Normal,335.2943505744108,7021,4877,2027-08-25,2026-07-17
6980,Bonus,320.9146167299318,2074,6652,2026-05-08,2026-05-14
9807,Normal,520.4922845124325,2439,4715,2026-04-10,2026-02-21
7512,Bonus,373.6849589889753,3950,2919,2027-12-02,2026-05-28
7935,Normal,833.809711873746,9434,1982,2027-11-22,2027-04-20
4509,Bonus,253.87146267278544,6935,9609,2026-09-13,2027-06-16
8200,Normal,773.3114119875918,3414,1420,2026-08-18,2026-01-17
8462,Normal,398.13661930116933,5983,9784,2026-05-31,2027-11-22
7666,Normal,533.2036622988021,5423,1222,2027-10-13,2027-08-05
1836,Normal,767.2085092254273,7286,7912,2027-03-03,2027-11-05
3396,Normal,171.5577924582187,1535,5696,2027-03-31,2027-03-18
6901,Bonus,676.4306624942726,5833,8276,2026-11-28,2026-05-08
2555,Bonus,263.7857782566929,3263,7008,2027-05-02,2026-12-12
7211,Bonus,758.445185573334,3851,6828,2026-04-28,2027-03-10
4700,Normal,597.9085430825501,3003,1426,2027-02-17,2026-04-20
5897,Normal,504.9103231468206,8793,4610,2027-05-27,2026-10-04
2801,Normal,128.48439303306125,3608,9677,2026-06-19,2026-04-10
3282,Bonus,451.20261102324525,3085,7987,2026-02-17,2026-05-31
1724,Bonus,268.5202166436611,5489,6597,2027-08-24,2026-03-11
5246,Bonus,240.5875033187803,4334,8645,2026-08-05,2026-11-10
1072,Bonus,996.0703594007458,1023,3876,2027-02-08,2026-11-23
9233,Bonus,774.5329963760393,3159,8209,2026-12-30,2027-12-16
8198,Normal,735.5237054600905,1054,1385,2027-03-17,2027-04-23
3081,Normal,153.58427890799473,2778,9857,2026-12-20,2026-04-14
6539,Bonus,645.9053810295496,8469,3553,2026-04-25,2027-08-17
3809,Bonus,648.49332273272,9087,4288,2026-07-27,2027-09-18
1757,Bonus,476.523767221347,9315,6177,2027-10-15,2027-08-26
4895,Normal,365.67796991061823,1417,2491,2027-12-01,2026-06-12
2325,Bonus,859.8785223473236,6581,5555,2027-08-28,2027-08-07
4488,Bonus,237.44557309342036,8929,9022,2027-01-06,2027-11-22
5029,Bonus,286.54214887305295,1951,8509,2027-11-24,2027-06-24
6974,Normal,611.9399998570948,4099,1406,2027-04-05,2026-12-16
1415,Bonus,101.06045442551547,8054,5157,2027-06-11,2026-12-05
5650,Normal,618.7854400413192,8329,4072,2026-08-12,2027-08-21
5719,Normal,218.39444686786715,8006,3770,2026-03-02,2027-01-24
3373,Bonus,110.7694502164735,7585,3323,2027-05-21,2027-11-07
7122,Bonus,217.14673281384856,9959,4591,2027-08-27,2027-11-25
5247,Normal,421.00608073639773,6130,5144,2027-10-13,2027-03-16
7215,Bonus,955.43956466164,5451,3327,2027-10-11,2026-02-07
6680,Bonus,987.9676272179194,4713,8892,2027-05-24,2027-04-18
2653,Normal,690.1171794234762,6651,3501,2027-09-30,2027-12-22
6491,Bonus,128.50381771572182,4249,9500,2027-05-18,2026-07-13
2577,Normal,557.8713239900222,1493,6884,2027-10-02,2026-10-28
7456,Normal,219.7613350526679,9573,9572,2027-08-26,2027-11-18
7089,Normal,489.8873985505938,8118,5577,2027-06-19,2026-06-16
1097,Normal,894.7173503471496,4162,3032,2027-09-26,2026-09-22
3377,Normal,674.9637849395914,8114,9521,2027-11-18,2026-12-22
6713,Normal,595.6277153650207,4417,7392,2026-05-04,2027-08-04
1496,Normal,978.710079313751,5233,5136,2027-10-14,2027-10-12
1734,Normal,703.1894756394138,5476,9132,2026-07-29,2027-04-26
1552,Bonus,485.21803995504115,1699,1986,2026-01-31,2026-06-11
5747,Normal,832.6238871965238,9663,9574,2027-11-28,2027-08-16
3512,Bonus,560.8705299883284,7436,8821,2027-03-23,2027-01-08
9330,Normal,692.1320779430365,3484,1013,2026-12-11,2027-07-30
7385,Bonus,955.8850457113987,6352,1035,2027-11-04,2026-08-02
7243,Bonus,651.5583296250722,4230,3670,2027-05-26,2026-12-12
9158,Bonus,286.85485362819077,9166,1682,2026-01-06,2026-01-23
2692,Normal,289.22143005273404,5700,2167,2027-10-15,2027-06-22
4625,Normal,304.55450727623247,2001,2627,2027-09-17,2027-02-01
6732,Bonus,549.7744679670692,3461,9932,2027-06-23,2026-11-20
5203,Bonus,293.7453076862416,3451,2093,2027-05-21,2026-07-02
3654,Normal,302.00452051585745,2547,8566,2027-04-21,2027-11-09
9620,Normal,290.9363143428461,9761,4880,2026-05-24,2027-12-28
8787,Normal,686.0143009936738,9232,3427,2026-01-16,2027-08-11
5772,Normal,188.30623965804878,6706,8870,2026-02-15,2027-08-05
9529,Bonus,731.468647424179,1433,3958,2027-10-18,2027-05-15
3735,Normal,459.2714404517558,9414,9586,2026-05-31,2027-12-05
2216,Normal,794.1018537647699,9581,5727,2027-11-25,2027-01-25
2013,Normal,675.8534893958424,8785,9725,2027-03-05,2027-08-14
1664,Bonus,455.7210764933399,6077,5687,2027-04-17,2027-01-30
8254,Bonus,109.66736632149193,4710,1501,2026-09-08,2027-10-26
4490,Normal,974.0693896199932,1351,4652,2027-12-08,2027-09-07
7957,Normal,759.4151017112023,2054,3382,2027-02-19,2027-07-07
6456,Normal,148.14397217429072,6419,9600,2027-05-10,2027-06-20
8525,Bonus,792.0446624598089,9852,8363,2027-10-13,2027-09-25
3167,Bonus,766.7522528479184,3703,6311,2027-07-07,2027-05-06
3622,Bonus,400.50452974495056,3460,6228,2026-03-13,2027-04-10
6775,Bonus,961.4059736064991,7849,2558,2026-02-15,2027-03-09
7033,Bonus,812.4633028454358,5470,2354,2026-09-04,2027-05-06
9561,Bonus,253.15414490174004,9686,7688,2026-12-25,2027-01-14
1163,Bonus,483.86063501760316,3127,6971,2027-06-22,2026-03-28
2367,Bonus,354.31771000918735,7890,3349,2027-08-02,2026-01-06
8855,Bonus,871.6516964024943,3322,5700,2026-02-17,2026-03-06
6850,Bonus,836.269576863159,3393,2159,2026-11-23,2026-06-13
3390,Normal,573.4222476464781,2028,1309,2026-03-09,2026-04-02
5638,Bonus,961.3342021708738,3848,6069,2026-05-11,2026-05-20
5187,Bonus,170.56782109356402,6701,4893,2027-04-04,2027-03-28
9422,Normal,162.29628391937496,8969,7633,2027-11-09,2026-10-14
6949,Bonus,773.9193375347587,8671,4856,2027-09-02,2027-04-22
3447,Bonus,800.3108349758352,8120,5865,2027-02-19,2027-02-19
5423,Normal,459.8872865684088,6062,4003,2027-03-10,2026-10-21
1673,Bonus,476.0028187280257,2545,8649,2026-06-18,2026-01-15
8026,Bonus,171.36128186236232,3946,2193,2026-01-12,2027-07-30
6170,Normal,308.2874249726299,9865,8139,2026-10-30,2026-04-10
3384,Normal,365.25188067198206,2111,5305,2027-04-06,2027-04-11
6998,Bonus,899.8532245507389,6341,8942,2026-12-10,2027-07-21
2860,Normal,580.3130329837843,8325,9736,2027-07-30,2026-10-15
2800,Bonus,872.9074936446129,2390,5233,2026-05-10,2027-01-29
1290,Bonus,670.8751286689176,4615,6580,2026-11-07,2026-04-19
2872,Normal,227.0685614955109,3596,5916,2027-06-09,2027-05-08
7878,Normal,242.78131144427851,8809,7688,2026-07-16,2027-06-20
7797,Bonus,682.9779139619072,8462,8649,2026-02-13,2027-04-02
7254,Normal,746.2739730051206,9101,4396,2026-04-18,2027-11-22
1857,Bonus,242.0153770108896,5600,8809,2026-11-15,2026-04-02
6437,Bonus,174.77504570975412,8934,2135,2027-02-18,2026-04-15
3592,Normal,454.62856520955324,4652,7347,2026-12-12,2026-06-28
3857,Normal,173.80915867452055,6007,7167,2026-04-27,2026-01-21
2145,Bonus,610.3182066610324,8818,3972,2027-10-04,2027-06-29
7205,Normal,377.2261846085887,6637,7244,2027-07-07,2026-08-26
9905,Bonus,513.114438556581,7491,3949,2027-10-11,2027-04-06
4726,Normal,136.00226910417618,6769,3889,2027-10-21,2026-04-15
6229,Bonus,657.5726338676948,7167,1199,2027-02-13,2027-03-25
7762,Bonus,256.10022465338284,4487,5846,2027-03-20,2026-06-04
8193,Normal,544.2102725098985,8062,3652,2026-08-28,2026-09-30
7956,Bonus,963.0202715559415,6108,2755,2026-12-08,2026-09-30
7322,Bonus,522.2318084798883,6664,8016,2027-11-05,2026-02-14
6559,Bonus,689.3396291493428,3613,6514,2027-02-23,2026-12-18
3625,Bonus,463.0874976793027,5646,7873,2026-11-05,2026-12-30
9481,Bonus,463.86892086843426,8125,6740,2026-02-27,2026-02-04
2860,Normal,547.3820815888403,1090,4071,2026-08-27,2027-07-06
1147,Bonus,619.2593799004703,9019,8625,2027-05-10,2027-11-25
2988,Bonus,798.0912112089386,4346,8868,2026-12-10,2027-10-10
2904,Normal,946.1367669957255,2523,1845,2026-05-10,2027-09-15
9886,Normal,392.1107693834944,3094,1018,2027-02-28,2027-01-01
3268,Bonus,900.0832936696557,4401,2121,2026-08-27,2026-01-20
9463,Bonus,633.0624868932579,5361,3575,2026-08-19,2027-09-18
2881,Bonus,695.0945216274903,7699,9517,2027-12-24,2026-10-07
9199,Normal,321.7036548813795,4269,1175,2026-10-12,2026-06-04
1517,Normal,541.5237354662008,5306,1319,2027-11-26,2027-08-06
4402,Normal,673.2556164421636,3360,9067,2027-05-14,2026-11-03
8108,Bonus,909.7117623933069,5980,8866,2027-03-14,2027-09-11
7383,Normal,384.4870893476607,1862,2514,2026-09-20,2026-03-14
8046,Normal,485.7528822868838,8536,6658,2027-08-19,2027-07-03
1593,Bonus,471.0430591663943,9557,2767,2026-06-30,2026-07-29
8650,Normal,781.7995736218802,4607,2895,2026-12-07,2026-05-11
1355,Normal,324.4880626572095,1582,7183,2026-08-09,2026-11-16
3067,Normal,483.1285036016466,9806,3636,2026-11-02,2026-05-11
8612,Bonus,433.1433484917666,5085,2442,2027-06-06,2026-12-28
2964,Normal,975.0163447953516,6275,5087,2027-12-24,2027-02-01
8174,Normal,848.1729739520738,8283,9820,2027-12-19,2027-12-07
2171,Normal,638.4085724938078,9498,7692,2026-03-03,2027-12-15
4819,Bonus,166.33010711706203,1131,6155,2027-09-26,2026-01-21
1496,Bonus,501.43975885079163,3956,3004,2027-06-17,2026-12-27
8136,Bonus,272.99881022502274,4839,4633,2026-06-14,2027-06-25
6186,Normal,338.35877292626674,8402,2449,2027-03-06,2026-07-02
8960,Bonus,489.9214116421347,6199,7202,2026-04-23,2027-09-04
5770,Normal,962.7829189530896,9041,6622,2026-11-05,2027-02-20
3496,Normal,660.1605377996733,8811,8902,2027-07-12,2027-03-09
3655,Bonus,385.8388549787377,5516,6471,2026-04-18,2027-12-01
6751,Bonus,732.6057913454831,3233,1260,2026-04-11,2027-02-14
8746,Normal,960.0258329316833,5791,9786,2027-12-30,2027-07-15
5629,Bonus,899.4277569546558,7375,6257,2027-01-14,2027-03-04
3767,Normal,854.0292862114333,2736,4405,2027-02-13,2027-12-03
2026,Normal,500.2446711805714,4774,6495,2027-11-17,2026-10-10
8826,Bonus,535.1346089859735,6666,1822,2026-09-09,2027-11-18
6568,Normal,816.0774502955649,9027,7140,2026-07-12,2027-12-25
6573,Normal,360.9744791476921,1129,4380,2026-07-25,2026-07-27
1734,Normal,606.6913526613998,6460,3879,2026-04-22,2027-11-18
6438,Normal,952.6096951354392,3957,6474,2027-01-03,2026-08-07
8386,Normal,928.3637349975961,6879,2987,2027-01-29,2027-06-11
4107,Bonus,397.0140094752979,6288,5653,2027-02-25,2027-05-19
1556,Bonus,930.8603830342254,1277,5413,2027-08-25,2026-02-05
4207,Bonus,782.8414300469739,8571,8918,2026-07-26,2027-01-08
5444,Normal,685.3437695677025,7331,4436,2027-11-04,2027-01-26
6030,Bonus,385.443322896791,7408,1169,2027-01-31,2027-12-02
3143,Bonus,940.3680695983098,3862,8811,2027-11-02,2026-02-15
9772,Normal,324.70727771581284,3318,5576,2027-03-10,2026-11-30
4020,Bonus,674.7371418584707,7786,7448,2027-10-27,2027-01-04
6413,Normal,836.5979993933689,9045,7407,2026-12-28,2027-03-30
1679,Normal,916.3672031310364,9141,1642,2027-08-16,2026-08-19
7092,Normal,900.0181373074868,9597,3209,2026-08-30,2027-01-08
1117,Normal,476.0222856755507,1984,3018,2026-09-09,2026-05-14
6107,Normal,522.266348606181,2142,9155,2027-04-16,2026-05-15
2147,Normal,708.7231713423218,3562,8537,2027-07-23,2027-03-11
1234,Normal,600.0869177509846,2968,3909,2027-07-22,2027-09-13
4492,Bonus,427.68970900862666,8339,5671,2027-07-13,2026-06-11
2065,Normal,894.6621923614396,1335,4159,2027-06-28,2027-06-19
9640,Normal,534.1602503106728,1230,7456,2026-11-16,2027-05-16
2730,Normal,601.5223781558541,1208,1419,2027-04-29,2027-06-21
3090,Normal,350.4156527068018,8079,8577,2026-04-10,2027-04-04
4657,Bonus,490.2032226068908,1116,2124,2026-06-27,2026-04-30
7530,Bonus,935.2229781184238,1070,4488,2027-06-01,2027-03-22
4883,Bonus,162.1433687093293,2101,8987,2026-03-11,2026-08-23
3549,Bonus,843.7869385229903,3169,1409,2026-09-21,2027-10-17
9390,Normal,579.1323150126038,9011,1887,2027-02-14,2027-09-19
1020,Bonus,729.5697689847448,2451,7941,2027-05-13,2027-06-16
7641,Normal,697.1867607744111,7115,3652,2026-02-19,2026-02-01
3876,Normal,155.2090936049087,3043,1857,2026-10-30,2026-08-30
7467,Normal,312.46412311743177,5831,4578,2026-08-04,2026-08-14
5362,Bonus,970.0882212577433,6545,4849,2026-11-03,2027-12-22
5019,Bonus,904.578324705622,7549,1179,2027-07-23,2026-04-15
5144,Bonus,452.0718307649756,6439,5557,2026-03-16,2026-08-21
5314,Bonus,542.4664374011584,4941,2275,2027-05-06,2026-04-23
1935,Bonus,407.81078734547464,5343,2150,2027-09-14,2026-08-27
2859,Normal,451.1892756727578,1741,8653,2026-12-15,2026-02-02
6900,Bonus,602.3160451898286,4619,1495,2027-12-07,2026-06-02
4223,Bonus,416.5007044479273,2381,1890,2026-06-06,2027-01-20
2800,Bonus,434.65185719809153,2773,3861,2026-09-05,2027-09-13
6495,Bonus,883.4953916067044,9911,2119,2026-03-14,2026-12-01
8878,Bonus,196.7484765883931,8779,2602,2027-11-30,2026-08-04
2677,Normal,660.4080780565333,4271,8502,2027-01-17,2027-11-17
7621,Normal,141.84233107940562,4748,2207,2027-02-24,2027-03-22
2920,Bonus,650.61853328256,4452,3570,2027-01-09,2026-10-04
3708,Normal,366.9344770070945,1833,7111,2026-12-28,2027-03-16
3670,Bonus,902.6502183237733,5208,8353,2026-10-07,2027-06-19
5232,Normal,826.8308681502191,4525,3542,2027-07-29,2027-09-01
3609,Bonus,840.3529695681007,9968,8846,2026-07-17,2027-08-04
9184,Normal,942.3452896909424,5136,6068,2026-12-21,2027-01-25
5737,Bonus,714.7498014163982,6283,8936,2027-10-03,2026-04-24
3234,Bonus,612.0794567090378,5818,3835,2026-02-02,2026-10-25
9433,Bonus,674.6878692753482,9463,4983,2026-01-30,2027-03-06
3990,Normal,635.1297105247094,7337,2117,2026-11-04,2026-03-09
2211,Bonus,291.8443698291363,8353,3617,2026-11-20,2027-11-01
3174,Normal,153.61927613444286,9890,1591,2027-07-29,2027-04-23
1902,Bonus,979.2241806971481,7554,7505,2027-08-11,2027-08-05
4207,Normal,239.98589276286313,9134,7254,2026-10-09,2026-11-24
8455,Bonus,925.1543390450458,4948,1904,2026-01-29,2026-12-24
1617,Bonus,331.1530761889113,8001,5543,2026-11-18,2027-11-23
9856,Normal,955.3998452721131,1633,7247,2027-09-27,2027-10-22
5139,Bonus,732.0797586033975,1023,5142,2026-12-03,2027-10-21
9659,Normal,484.8973734726579,9066,4944,2026-12-10,2027-08-23
4897,Bonus,470.75062572845724,1239,2135,2026-05-13,2027-09-12
4059,Bonus,128.29273881149817,3511,6184,2026-01-06,2026-10-29
3898,Bonus,221.24734527402853,1921,8819,2027-07-09,2026-11-25
3415,Normal,506.7403181330819,2176,3862,2027-12-19,2027-08-03
9565,Normal,693.0540539727322,7283,7214,2026-04-09,2027-10-18
5980,Bonus,598.7152995084008,2442,5831,2027-08-01,2027-07-16
9470,Normal,443.13243855959155,4113,5928,2027-07-09,2026-01-12
3159,Bonus,519.9429780278905,9452,3990,2026-06-04,2026-04-04
1318,Normal,676.4800083736629,9690,9851,2027-02-17,2027-03-23
5900,Normal,292.5276003799961,8158,9777,2026-04-02,2026-03-28
9204,Normal,299.3407804543736,2226,7292,2027-08-02,2026-05-25
8957,Normal,353.34029159629995,7456,6877,2027-07-10,2026-09-15
8475,Normal,888.0353468908277,1913,1378,2027-03-24,2026-02-11
8792,Normal,693.8809679177001,4253,9271,2027-11-09,2026-08-03
7557,Normal,854.7948162681148,2636,5815,2027-04-18,2027-06-13
4439,Normal,726.019680928115,1503,3281,2027-08-10,2026-08-25
1216,Bonus,499.31803818740144,6960,2586,2027-01-07,2027-08-19
2511,Normal,577.4762415735845,4867,8294,2027-04-25,2026-02-10
8456,Normal,650.286084466572,4113,6152,2027-10-13,2026-12-21
7185,Bonus,149.06072601610208,4641,2919,2027-06-08,2027-11-02
3615,Normal,632.6993662567207,5523,6154,2027-07-23,2027-07-31
7929,Bonus,633.1911860550107,8329,8863,2027-07-07,2026-06-27
4432,Normal,878.6361632017833,2576,7472,2027-03-10,2026-04-01
6190,Normal,717.8654159930612,1075,8503,2027-03-05,2026-01-07
8626,Normal,133.23941658072135,5948,3919,2026-05-23,2026-03-14
2866,Bonus,114.23592693161629,2668,7016,2027-08-17,2027-04-10
9796,Normal,134.60605426842744,4350,5491,2027-12-05,2026-10-06
2263,Bonus,989.0972079380414,1949,1881,2026-10-11,2026-01-15
8882,Normal,567.8491992279694,3360,2568,2027-05-29,2027-04-28
6595,Bonus,741.6794940959176,6407,3792,2026-11-13,2026-05-24
8239,Normal,422.7167332941441,8096,8947,2027-07-18,2027-06-18
5242,Normal,289.42812647864446,8506,2470,2027-06-16,2027-01-08
4744,Normal,674.6127238303922,2225,7117,2026-05-19,2027-11-22
6951,Normal,390.22948473335003,7054,5377,2026-06-17,2027-02-13
5472,Normal,297.2545997940548,2269,9941,2027-10-08,2027-05-26
6501,Normal,356.21545173385556,1205,5104,2027-12-12,2027-07-01
5238,Bonus,197.0998319145208,5584,7383,2026-06-05,2026-11-19
9108,Bonus,839.8380219319898,9880,7827,2026-01-19,2027-02-23
7044,Normal,525.5445630492395,5685,2166,2027-05-04,2026-05-16
4715,Normal,695.3429267759366,3444,4623,2026-08-29,2027-08-31
4702,Bonus,874.358685440573,8501,1982,2026-10-07,2026-04-06
4813,Bonus,825.7386613711237,5048,2330,2027-01-31,2026-01-23
6041,Normal,458.7088477369617,1277,7383,2026-06-18,2026-05-02
1922,Bonus,748.5372211540624,5689,5556,2027-09-18,2027-11-08
8598,Normal,816.5161120052921,9418,9407,2026-08-14,2027-05-10
6140,Bonus,829.9739769225447,1598,9047,2027-12-15,2027-02-10
6658,Normal,221.17960876068807,1058,1071,2027-08-29,2026-09-09
4026,Normal,990.9458343614918,4271,2529,2026-11-14,2026-12-28
1623,Normal,488.2824903402929,5562,4079,2027-11-20,2026-05-03
3279,Normal,561.3747456611002,3455,2233,2027-01-03,2027-03-04
8496,Bonus,991.1045857603439,5020,8254,2026-10-04,2027-08-03
9830,Normal,886.6334375907159,4536,4959,2026-01-27,2027-11-06
6560,Normal,773.2892472841086,3384,4221,2027-10-23,2027-09-03
6869,Bonus,838.5120002582753,1536,7807,2026-08-16,2027-03-08
1052,Bonus,413.8254818389739,1324,2286,2026-05-24,2026-10-20
2101,Normal,506.85862475758813,9150,8038,2027-12-18,2027-01-27
7416,Bonus,505.27153910071183,1528,4631,2027-12-10,2026-11-09
3809,Bonus,305.6115579686441,4296,9889,2027-05-20,2027-09-08
7945,Normal,429.096781286228,8656,8272,2027-09-01,2026-12-23
4276,Normal,334.49013989760135,4715,1232,2026-09-10,2026-11-30
9592,Normal,602.3461166459404,3117,5794,2027-06-20,2027-02-26
9763,Normal,824.7867725965903,7671,2220,2027-06-03,2026-12-26
7487,Normal,104.51025047788191,5482,2558,2027-09-22,2026-09-16
1516,Normal,157.65964503041192,6307,4146,2027-02-19,2026-12-07
7761,Normal,902.4485506845025,7457,3499,2027-08-27,2026-04-21
1811,Bonus,562.7591792434392,5433,2413,2026-02-17,2026-01-16
8348,Bonus,578.8334828892173,2002,1005,2027-03-27,2027-10-09
6493,Normal,905.3189519998155,2916,2387,2027-12-25,2026-11-04
1127,Bonus,955.1246514015872,2019,4189,2027-01-07,2027-11-22
3373,Bonus,424.8051368217266,7033,3788,2026-05-12,2027-08-04
8917,Normal,702.4341504890928,4150,3828,2026-12-20,2027-01-30
4738,Normal,566.371728665506,8597,5966,2026-03-31,2027-04-04
7155,Bonus,275.60387008622354,8922,3398,2027-04-11,2026-05-27
2839,Normal,890.620474683472,6018,1288,2027-12-20,2026-02-26
3655,Bonus,850.5289103246846,1035,4513,2026-11-20,2027-02-10
5909,Normal,622.1999405996041,5193,1130,2027-05-18,2027-05-18
8128,Normal,326.45989071247857,2558,6867,2026-11-26,2027-11-10
1511,Normal,540.4274796725044,8454,4221,2027-01-12,2027-03-02
8728,Bonus,621.8204992711966,9566,4325,2027-01-02,2027-08-29
2475,Normal,190.0252760928657,4625,4380,2027-07-02,2026-10-31
1988,Bonus,427.1111546101043,6458,9347,2026-05-11,2026-08-08
2827,Normal,294.1992926866768,4993,1829,2026-07-02,2026-11-01
3305,Normal,181.01028790316795,9662,3279,2026-11-14,2027-10-29
1323,Bonus,241.88824226312343,1544,8286,2027-06-21,2026-09-25
5948,Normal,541.1734409463329,3230,5835,2027-11-11,2027-11-01
5635,Bonus,705.778806856676,8667,3638,2027-08-19,2027-02-28
5797,Normal,466.600828214605,2598,2110,2026-01-04,2027-01-27
9116,Bonus,851.861986427449,4646,5670,2026-11-04,2026-07-13
6861,Normal,606.9610858864157,5338,8556,2027-10-26,2027-10-11
8955,Bonus,431.21449678850115,2876,6578,2026-02-17,2027-05-09
4145,Normal,209.998244213146,7270,8244,2027-06-17,2027-11-04
4255,Bonus,133.3926398330375,9744,2945,2026-03-28,2027-01-06
7896,Bonus,523.1168371480583,9971,2023,2027-11-27,2026-08-16
2780,Normal,993.5087221226811,3652,5232,2026-09-06,2027-03-07
1316,Normal,377.7681203890453,2228,7811,2026-09-04,2027-06-24
2658,Bonus,104.55785271318373,5596,8731,2027-06-15,2027-09-19
6551,Bonus,811.3029017245242,7013,3825,2027-05-30,2026-12-19
8007,Normal,937.1299001110099,1580,7311,2026-07-31,2026-10-04
8481,Bonus,202.26843727632865,3251,5508,2026-01-08,2026-03-16
7201,Bonus,101.77502572916923,1378,6099,2027-12-09,2026-05-31
1579,Bonus,955.2912253449012,3778,3282,2027-08-14,2027-04-15
6976,Normal,835.1142746936802,3951,3074,2026-06-12,2026-08-02
6576,Normal,225.50428464874054,7053,2607,2026-12-25,2027-10-02
9484,Normal,120.35589472174125,6946,6216,2027-03-06,2027-05-29
1563,Normal,640.8477587971137,7055,7059,2026-12-21,2027-05-05
1773,Normal,658.1717538065067,8528,6138,2026-10-25,2027-12-01
9988,Normal,520.7752490553253,2700,8245,2027-01-09,2026-11-29
2372,Normal,913.0835559316447,8751,3060,2026-11-11,2026-04-25
3520,Bonus,244.5040825076001,7132,9244,2027-06-07,2027-04-23
8452,Bonus,826.5205708292511,3781,7273,2026-10-14,2027-03-12
4404,Normal,900.0852519731335,8781,2504,2027-10-04,2026-04-27
9285,Normal,341.006768725475,3650,1066,2027-11-03,2027-02-19
9887,Bonus,591.9180846391465,7660,5573,2026-05-10,2026-02-02
5300,Normal,393.3806426785584,9565,4207,2026-10-24,2026-03-15
3025,Bonus,876.4976383679655,9824,1611,2027-09-14,2027-05-22
6848,Bonus,829.6602359657036,7695,2914,2027-01-04,2026-10-25
9650,Bonus,516.7191921076127,7654,9916,2027-12-05,2026-02-06
3895,Bonus,165.034549305464,2537,2935,2027-08-12,2027-06-05
4380,Normal,595.4634721896591,8322,7787,2027-11-21,2027-06-26
6577,Normal,643.1465138869243,7544,1215,2027-06-18,2026-10-28
2730,Normal,929.1720389735353,8218,7603,2026-01-20,2027-03-25
6324,Normal,923.7896041869719,9304,4498,2026-06-05,2027-11-26
5695,Bonus,598.4745146564326,2967,5756,2026-01-25,2027-01-04
7656,Bonus,973.3954660393845,6550,4177,2027-06-01,2027-12-06
9693,Bonus,637.1500752437416,1067,9597,2027-03-02,2026-10-03
7100,Bonus,275.580760202437,9658,7172,2026-04-04,2027-12-02
8889,Normal,576.7065070107037,1000,7235,2026-11-11,2026-02-20
3055,Bonus,922.7098475419773,4362,5858,2027-01-03,2026-01-25
6330,Bonus,619.4519575636335,6722,7589,2027-01-03,2027-11-23
5606,Normal,569.4898728192625,8607,2563,2027-08-04,2027-10-27
8250,Bonus,412.27354241271075,5138,4657,2027-12-27,2027-01-05
6596,Bonus,542.7526738802883,4061,7524,2027-03-10,2027-07-16
8946,Bonus,386.73390561297765,9398,1202,2027-10-21,2027-04-08
2162,Bonus,624.8702610782732,7288,1194,2027-07-04,2026-05-13
3593,Normal,833.0450643969601,7588,5023,2027-10-20,2027-06-19
4021,Bonus,848.9241724165976,3080,3651,2027-07-18,2027-01-25
8307,Bonus,827.0513878040031,9027,6446,2026-12-28,2027-10-20
6981,Bonus,566.3974534997084,2732,3399,2027-12-05,2026-04-27
1451,Bonus,871.156537841134,9764,3281,2026-09-24,2027-01-05
3244,Normal,348.9398811909159,8847,4096,2027-06-20,2026-07-17
3650,Normal,185.32994792298277,2552,7395,2027-03-05,2027-05-23
1369,Normal,317.93030327688194,4507,2930,2027-12-29,2026-04-11
6382,Bonus,210.62419951331435,3468,6153,2027-10-19,2026-02-07
1631,Normal,958.4468029091379,3057,9233,2027-06-24,2027-12-05
8301,Normal,457.43050036006514,2447,2271,2027-06-28,2026-12-06
6974,Normal,771.1041134098256,4326,7754,2026-03-27,2027-06-25
5764,Normal,217.82495965888526,9560,8702,2027-01-31,2027-12-01
9594,Normal,161.31530370084187,8088,5097,2027-03-12,2026-07-19
7100,Normal,127.98114645476886,2110,1337,2027-01-29,2027-12-06
3015,Bonus,404.63114942201423,7488,8996,2026-05-02,2027-03-19
8473,Normal,319.53618292859954,5447,3443,2026-07-26,2027-02-19
2323,Normal,758.9715040150024,5788,8990,2026-06-27,2027-12-07
4196,Normal,622.8936673068431,2453,3979,2026-11-29,2026-10-22
8619,Normal,820.336295001719,8874,5489,2026-01-03,2027-10-30
6939,Bonus,772.9994101800603,3313,8704,2026-01-27,2026-05-22
5185,Normal,647.0483182266715,5720,3824,2026-02-16,2026-01-31
1748,Bonus,319.4432036357988,3928,4760,2026-11-06,2027-04-28
1160,Normal,748.7910597364453,9116,7820,2027-10-01,2027-07-06
8274,Bonus,268.6674850170163,9954,1974,2026-08-11,2027-06-29
7022,Bonus,538.1843486245448,4079,3246,2027-09-04,2026-10-19
1886,Normal,748.4210669791427,7213,9537,2027-09-22,2026-08-20
8385,Bonus,648.0571852580133,8860,9260,2026-06-12,2027-07-06
4578,Bonus,960.9901764694088,3517,1579,2027-03-18,2026-10-24
2671,Bonus,224.03729517008952,3696,6708,2027-08-17,2027-04-02
7738,Bonus,200.6299011272427,8009,3300,2027-12-07,2027-12-15
2136,Bonus,114.68447827031463,4102,1705,2026-01-21,2027-04-07
7329,Bonus,937.6609101497971,5350,5140,2027-05-28,2027-02-14
1336,Normal,777.9081853966585,2692,2417,2027-02-19,2026-02-13
6167,Normal,959.4186393098569,9265,5877,2027-02-02,2026-06-26
7945,Bonus,597.2344926729284,5542,2766,2026-02-06,2026-09-23
1751,Normal,455.2142773471249,4378,3185,2027-06-12,2027-06-12
3145,Normal,146.38009571061002,5869,8712,2027-01-16,2026-03-16
7605,Normal,113.04408187965439,9135,4708,2027-07-20,2027-06-10
6822,Normal,649.7303818752663,6861,3995,2026-04-23,2026-10-30
6393,Bonus,531.0344516047467,7122,3264,2027-08-13,2027-01-19
1443,Normal,904.6862423434802,1305,8867,2027-07-07,2027-01-16
6703,Bonus,654.7293629966496,5493,4274,2026-05-29,2026-06-19
6350,Normal,242.75499156055463,5082,5548,2027-09-26,2026-02-07
3400,Normal,209.91764195363044,9385,1503,2026-02-10,2027-02-13
8919,Normal,583.3850249490858,3746,8148,2027-06-11,2027-04-01
1791,Bonus,781.6704960773396,5081,7426,2026-11-19,2026-10-16
8384,Normal,499.7079840150977,6520,7224,2026-10-05,2027-10-02
8726,Bonus,130.54042747586334,2452,8878,2027-10-02,2027-11-22
3771,Bonus,434.87427910226955,1503,9399,2027-10-05,2026-10-28
8472,Normal,278.2184487719687,4196,9731,2027-06-25,2026-12-01
9721,Bonus,239.11128494698397,2335,1521,2027-09-01,2026-07-17
7344,Bonus,635.0403434503484,4569,5665,2026-07-21,2027-04-28
6275,Normal,601.751423480923,1206,5482,2027-02-23,2027-12-13
8912,Bonus,650.2211696483736,8209,5874,2027-08-11,2027-12-03
9506,Bonus,543.009632607705,2031,6306,2026-06-29,2026-03-13
7421,Bonus,210.75343350645838,8368,1560,2026-07-27,2027-03-12
4010,Normal,581.6714191334038,1577,2015,2026-03-09,2027-05-20
5217,Normal,259.300356124532,5151,9016,2027-08-27,2027-07-11
1827,Normal,651.9030989750646,6053,8996,2026-05-01,2026-10-29
3238,Bonus,526.2426806311521,6336,2423,2026-04-02,2027-12-20
1721,Normal,774.0291597344266,6173,1663,2027-11-17,2027-08-23
4753,Normal,491.5851274934173,6807,2784,2027-01-17,2026-02-28
2458,Bonus,554.9948678969067,1314,1437,2026-07-31,2026-11-27
3585,Bonus,112.1192380404628,4689,8135,2027-02-27,2026-12-22
4203,Bonus,610.4135322158961,4630,5428,2027-02-27,2027-03-09
5073,Normal,270.96664842967937,6958,5029,2026-07-05,2027-03-29
9238,Bonus,658.6587824419653,8368,8014,2027-09-27,2026-07-14
9854,Bonus,795.1227735508147,7854,9879,2026-08-02,2026-02-08
7417,Normal,644.7961058879313,2028,3878,2027-02-01,2026-01-19
3712,Normal,203.83395968426893,3420,5802,2026-04-05,2026-09-23
8587,Normal,695.3870511815769,2987,1962,2026-02-03,2027-01-29
6705,Bonus,194.06153833026517,5241,3671,2027-11-02,2027-01-27
9069,Bonus,208.96806459467535,8282,4520,2027-10-30,2027-12-08
9732,Bonus,554.570037435335,4863,1664,2026-02-12,2026-07-22
8559,Bonus,813.1384620799845,1944,6300,2026-02-05,2026-08-11
3238,Normal,994.5722014789104,5844,1700,2026-10-08,2027-08-12
6015,Bonus,311.9239046711012,4699,3683,2026-02-07,2027-07-12
7728,Normal,228.27931007684776,9313,3048,2026-05-06,2026-08-12
6937,Normal,776.0928191888563,6926,7050,2026-10-17,2027-03-14
6886,Normal,166.45120333189192,4517,8209,2027-12-21,2026-09-25
5815,Normal,343.0541396394128,1357,8676,2027-05-02,2026-01-01
5465,Bonus,145.56785239513442,6362,3426,2027-08-21,2027-01-19
8637,Bonus,839.7089773225729,3933,1742,2026-05-03,2026-07-22
8241,Bonus,963.3820925032335,4960,8142,2027-03-28,2027-09-15
3295,Bonus,785.1692125833205,1588,8248,2026-05-28,2026-08-27
1745,Bonus,672.9740533974905,1620,2660,2026-03-13,2026-11-13
5606,Normal,531.5696404863139,4396,6181,2027-02-16,2027-04-15
1143,Normal,591.7675838589088,1030,6547,2027-05-22,2027-11-28
9904,Bonus,569.3960897778197,8343,4461,2027-01-30,2027-06-20
7183,Normal,330.6522857430979,3776,6164,2026-12-06,2026-01-18
3927,Bonus,576.1524262110224,4293,5460,2027-11-17,2026-02-02
9640,Normal,627.8976952319466,3033,3814,2027-04-28,2026-10-22
7296,Bonus,979.3265289149117,6434,9107,2027-10-01,2027-08-08
2447,Bonus,266.6647710213197,9452,3211,2027-09-03,2027-04-25
5754,Bonus,225.0629936564223,2227,6079,2026-11-27,2027-02-06
8106,Normal,162.9038227120614,4549,8775,2026-04-30,2026-04-22
9406,Normal,802.9289174226146,5999,2614,2026-08-23,2027-12-04
7185,Normal,927.9313982357446,9964,4840,2027-06-13,2027-04-30
6335,Normal,702.1743059253004,3799,9909,2027-03-27,2027-06-27
8371,Bonus,264.39434763885174,1207,7582,2027-07-13,2026-11-29
5863,Bonus,670.7906757060672,6400,4760,2026-09-27,2027-03-30
4578,Bonus,283.1212495065877,4820,2992,2026-10-23,2026-10-30
1848,Normal,744.5212446758871,7145,3874,2026-06-20,2026-03-01
7509,Bonus,171.2477669410413,7445,4405,2026-05-07,2027-02-25
4360,Bonus,552.865926227882,3946,3218,2026-12-05,2026-09-22
6314,Bonus,791.4508385092128,3363,8628,2027-09-25,2026-12-07
3859,Bonus,131.7327270870387,6430,7354,2026-07-09,2027-07-05
4867,Normal,921.5219003517675,5001,9420,2026-12-05,2026-05-29
3020,Bonus,648.4591904892803,1134,2431,2026-07-10,2027-01-03
4326,Normal,494.7244432620928,8269,5832,2027-02-06,2026-11-20
3129,Bonus,927.6996726129274,3463,2321,2027-12-04,2026-01-02
2853,Bonus,763.580321667277,8374,1974,2026-09-23,2027-06-28
4424,Bonus,958.8384469217372,1707,1310,2027-04-18,2027-04-17
9919,Normal,570.6704287149781,8598,5579,2026-02-01,2027-05-22
2284,Normal,631.9714734456376,8949,3442,2027-06-02,2026-07-22
3638,Normal,381.4106419423814,9699,9550,2026-02-13,2026-10-19
8485,Bonus,957.3745689873152,9866,7121,2027-03-16,2027-04-24
2183,Normal,182.2538900546246,5825,3592,2027-12-28,2027-09-25
9412,Normal,108.70453560206836,5675,6969,2027-08-22,2026-10-20
7667,Bonus,209.0118233986462,3816,9581,2026-09-22,2026-10-01
2553,Normal,424.2651606185628,4896,4304,2026-02-05,2027-12-13
3042,Normal,452.82076961254245,9262,3063,2026-03-10,2026-03-16
1441,Bonus,558.1303316399748,2968,8988,2026-09-16,2026-12-12
1243,Normal,230.70270612931057,6901,7570,2026-01-23,2027-01-18
1455,Normal,998.5594038729018,5978,7758,2026-07-03,2026-09-11
6218,Bonus,563.0156687609813,2694,1981,2027-03-28,2026-04-28
6282,Bonus,797.0052776870461,7580,4200,2027-03-25,2027-04-28
4435,Normal,731.5333959395861,9977,1481,2026-08-13,2027-03-07
1724,Normal,835.1298478730487,2756,1330,2027-05-18,2027-11-16
5964,Bonus,803.9525362963097,9005,1884,2027-06-08,2026-03-13
5546,Bonus,942.9133135382435,7519,1070,2027-11-13,2027-03-26
8924,Bonus,963.5675129502172,5644,8328,2027-10-13,2026-11-09
3064,Normal,277.6411134376226,8568,7606,2027-02-21,2027-03-23
2458,Bonus,977.4505111545817,2106,1601,2026-05-13,2027-05-28
6579,Bonus,617.8538893655762,9861,8813,2027-05-02,2026-11-23
8197,Normal,675.4217678537508,7179,5252,2027-01-01,2026-06-27
7504,Bonus,154.86859019821193,3577,9771,2026-11-19,2026-09-23
7841,Normal,595.4220546583674,8579,7116,2027-07-01,2026-02-26
2358,Bonus,779.9282786543109,7861,4415,2026-12-23,2027-02-13
1136,Bonus,360.81912056431776,2713,4316,2026-06-12,2026-03-17
9079,Bonus,277.9075672287323,6316,2841,2026-07-16,2026-08-14
9620,Bonus,607.3392475745702,5029,4765,2027-08-20,2026-12-02
2436,Bonus,539.9149002630063,3520,3308,2026-09-29,2027-04-17
7451,Normal,380.9411942454841,8013,5018,2027-04-03,2027-08-17
2408,Bonus,255.231221127222,8722,1891,2026-07-01,2026-10-16
8059,Bonus,184.78499538565617,2280,7552,2027-06-19,2027-06-11
7529,Bonus,569.6248482755605,3436,3117,2027-11-02,2027-11-26
2000,Normal,694.5900220223275,3902,4288,2026-02-18,2027-05-08
1584,Normal,416.30297788170554,4961,7371,2026-09-24,2027-10-20
5230,Bonus,607.4741257613676,5008,7108,2026-09-02,2026-12-17
9140,Normal,336.31343173620206,4105,3953,2026-10-14,2027-03-29
5833,Normal,478.9097838257534,3514,5979,2026-07-30,2027-01-16
9110,Normal,669.6888768642191,2652,8598,2027-03-23,2027-11-22
5526,Bonus,552.4918852504526,1734,7837,2027-07-29,2027-11-14
6295,Normal,935.40047852852,2811,9503,2027-04-15,2027-03-18
8941,Bonus,752.0601942754539,5276,5175,2027-11-08,2027-03-18
7607,Normal,728.2746454349813,5648,6921,2026-10-19,2026-03-11
6674,Bonus,733.1194969612828,9258,9800,2027-06-27,2026-11-18
3871,Normal,614.7405203796579,8958,7918,2027-10-21,2027-07-03
7789,Bonus,156.18075744990753,5842,6026,2027-05-01,2027-11-10
5779,Normal,132.97461109933752,9553,4060,2026-05-26,2026-01-25
6228,Bonus,135.69748389371773,7643,4083,2027-11-29,2027-07-28
4789,Normal,127.82516160482336,4345,9970,2026-11-03,2027-03-24
2038,Bonus,642.5581567118395,5770,4680,2026-09-11,2026-02-15
7150,Bonus,174.29668572369826,7846,6716,2026-03-28,2027-08-16
4845,Bonus,849.3041666980757,4971,3291,2026-07-05,2027-04-19
9162,Bonus,439.17375796661656,5504,7620,2027-12-23,2027-06-19
4684,Normal,190.28171303302213,4772,2834,2026-06-24,2026-11-07
8439,Normal,257.79443876941434,6821,5226,2026-02-13,2026-09-03
3304,Normal,484.82848182315007,8361,4647,2027-05-03,2027-05-14
5902,Normal,586.6094650526348,8082,2532,2026-04-18,2026-05-05
7232,Normal,844.1239363103535,7821,5600,2027-10-17,2027-06-26
2252,Bonus,264.5199649425517,2129,4573,2026-03-08,2026-03-18
3977,Bonus,358.26018146693264,2239,4189,2027-06-09,2026-06-03
6009,Bonus,814.2514511316452,1971,6336,2027-10-22,2027-10-04
7997,Normal,563.7845652085873,6410,8096,2027-02-15,2026-05-02
5634,Bonus,318.1853762675802,2425,2885,2027-11-23,2026-11-25
1088,Normal,109.7351316336522,8457,6984,2027-06-25,2026-10-18
4324,Bonus,562.3304958063436,3906,8323,2027-08-26,2027-08-29
1737,Bonus,952.1412469092658,3673,3171,2026-01-18,2026-08-16
2122,Normal,125.81628742604003,5090,9928,2027-07-19,2027-11-18
7055,Normal,342.6192973506056,5996,8560,2026-10-29,2027-09-24
4000,Bonus,122.75192524596162,7196,2878,2027-04-15,2027-05-19
7139,Normal,350.5421614157655,8683,9379,2026-09-11,2026-12-30
7480,Normal,791.6017093059319,9722,1762,2026-05-30,2027-07-30
8550,Bonus,962.4887823452992,6353,7183,2026-02-25,2027-09-03
6788,Normal,313.32185416679323,8394,2268,2027-06-26,2027-10-06
6748,Bonus,242.14196805613,7120,2360,2027-02-02,2027-10-20
8398,Bonus,405.49662800765003,9004,9022,2026-09-24,2026-07-18
8950,Normal,309.0406782162874,5946,5001,2027-12-03,2026-12-17
7533,Bonus,169.70533906743145,2255,9652,2027-10-12,2027-03-31
4822,Bonus,850.0317204362021,4988,6559,2026-06-16,2027-10-08
3584,Bonus,393.8338684026375,3648,8443,2027-01-25,2026-01-01
7319,Bonus,466.8026710564582,8716,9839,2026-04-08,2027-02-24
4751,Normal,514.2232147338837,9341,9080,2026-12-29,2026-01-24
6062,Normal,575.357194201291,4976,7165,2026-04-28,2026-11-04
6292,Bonus,246.68667095890757,9772,5387,2026-12-13,2026-12-08
1880,Normal,532.3318035828612,1555,7511,2026-11-08,2027-11-05
4756,Normal,592.19002008016,4479,1169,2026-08-21,2027-05-18
3595,Normal,952.3276841091289,3505,4268,2026-05-03,2027-03-04
7541,Normal,351.76850376142306,4516,1315,2026-12-17,2026-07-10
3454,Normal,200.36379021878162,4324,2025,2026-03-08,2026-02-11
9645,Bonus,414.9663550607283,4877,6961,2026-07-08,2026-03-21
7638,Bonus,113.92987888248221,7626,8326,2027-04-25,2026-05-28
2422,Bonus,982.0881999322814,4217,9457,2027-09-18,2026-05-14
3088,Normal,638.9651639966413,9549,3373,2026-01-07,2026-02-04
8657,Normal,424.151689235386,5459,1993,2027-08-18,2026-06-12
5150,Normal,462.49602432933216,2697,9335,2027-04-09,2026-07-31
4255,Normal,383.39681809454436,1498,7329,2027-07-06,2027-08-30
4129,Bonus,436.1130864690558,4341,8248,2026-03-20,2027-01-10
1639,Bonus,817.8416471405187,3751,6452,2026-09-18,2027-09-29
9428,Bonus,744.8597105230791,3051,2336,2027-03-17,2027-02-12
5840,Bonus,555.0412749207212,4707,8506,2027-04-21,2026-09-16
2734,Bonus,620.6941243369157,9686,6852,2026-01-07,2027-07-05
4596,Normal,797.9617032659402,2750,3521,2026-12-14,2026-10-19
8897,Bonus,218.14815715783288,8654,8695,2026-09-28,2026-03-16
9814,Normal,663.5317014953084,5307,6673,2026-02-11,2026-06-08
9243,Bonus,261.94328287680895,5738,6759,2027-05-27,2026-12-17
6655,Bonus,397.20481389672733,1279,6025,2027-05-07,2026-12-12
4392,Normal,412.4081901450884,5625,8841,2027-11-01,2027-10-17
6213,Bonus,223.84967766274093,1865,3820,2027-06-12,2027-11-05
3904,Normal,612.7263361051475,1580,1910,2026-03-01,2027-04-28
2845,Normal,971.2858868573819,4999,8796,2027-09-06,2026-01-03
7765,Normal,544.215713620792,9228,4308,2027-05-31,2027-11-29
5161,Bonus,259.3230170011412,9075,9891,2027-01-30,2027-04-03
3531,Bonus,895.5195394364353,3192,5384,2027-08-09,2027-09-30
6880,Bonus,465.4972248391795,5422,5090,2026-04-17,2027-04-30
3826,Bonus,939.8386440173363,9756,5600,2027-12-14,2027-05-02
2846,Bonus,990.7428139006238,5755,5426,2027-11-21,2027-08-20
4470,Bonus,791.6875911226809,2630,2098,2026-09-30,2027-12-07
3885,Normal,309.35893986567385,9520,3675,2027-03-19,2027-10-03
8354,Bonus,103.22436759892054,7689,2611,2027-11-27,2027-11-17
5333,Bonus,755.9925148313802,2658,9289,2027-03-09,2027-06-25
4516,Bonus,924.5097699537637,2486,4270,2027-03-15,2026-12-07
8474,Normal,512.6920724220253,3645,3064,2026-09-11,2026-10-23
8421,Normal,987.8372956740209,4723,1987,2026-11-30,2027-06-11
7563,Normal,246.69122524798425,6782,3958,2027-02-08,2026-01-09
9619,Normal,148.79598535862732,7977,4064,2026-01-10,2026-02-21
1996,Normal,222.50749776974004,9512,8791,2027-05-13,2026-04-19
2083,Normal,823.3666662089541,9026,5314,2027-01-13,2026-03-09
1479,Normal,277.6745116635548,6349,1369,2026-07-02,2027-06-11
4343,Bonus,547.3382177641183,1661,9048,2026-05-25,2027-11-29
9014,Bonus,673.2603180825838,7796,3423,2027-04-28,2027-10-11
7771,Bonus,180.39739222241596,1562,8573,2026-05-12,2026-12-26
5023,Bonus,216.12506584806536,7290,9427,2027-03-09,2027-06-22
8734,Bonus,937.9532006310593,6712,5679,2026-03-22,2026-02-05
5808,Normal,695.6298733280169,7666,1567,2027-04-18,2027-05-02
1942,Bonus,889.078290423889,3657,1615,2026-06-25,2026-07-17
1622,Bonus,284.61504422804154,1014,2575,2026-04-07,2026-10-17
1646,Normal,117.78313884983332,6455,4283,2026-01-02,2027-04-12
3449,Bonus,988.0089882740788,4286,7884,2027-09-08,2026-07-01
5626,Bonus,317.5565114570463,8295,4768,2027-07-19,2027-02-07
6392,Normal,217.41087005084967,9306,5239,2026-09-25,2027-03-30
6147,Bonus,634.5891288909155,3401,2355,2027-07-17,2026-05-17
7524,Bonus,805.7676390758337,3049,1948,2026-08-08,2026-04-21
7424,Normal,848.2829375258148,4792,5081,2026-09-21,2027-09-22
6671,Bonus,813.2626800909427,9852,8749,2027-04-28,2026-09-18
3536,Bonus,182.09119404681155,5568,5389,2026-06-14,2027-11-14
6714,Bonus,146.24683754976465,3779,9392,2027-11-11,2027-11-02
6734,Normal,650.7948710295167,6444,8180,2026-08-08,2027-10-18
2134,Normal,395.49819403944554,9224,3099,2026-03-17,2026-11-29
8288,Normal,530.7243856376967,5435,9531,2026-05-30,2026-10-27
8025,Bonus,113.32716504857498,1357,9234,2026-11-07,2026-01-01
2902,Bonus,497.77837780729607,2209,8309,2027-07-05,2026-12-22
5085,Bonus,452.79397033896953,6872,7902,2027-04-15,2027-05-19
1326,Normal,714.1461189607235,7647,1773,2026-11-20,2027-09-08
7075,Normal,552.6116511334619,3757,9123,2026-02-24,2027-06-06
3985,Normal,382.96862097042475,7549,8355,2026-02-17,2026-01-19
8304,Normal,274.8813688904778,3096,7554,2026-03-02,2027-05-28
8681,Normal,634.7454542545739,2378,5161,2027-10-28,2027-01-11
7310,Normal,664.172100530927,7476,6236,2026-07-10,2027-10-22
2134,Bonus,698.4783147024548,6479,4546,2026-06-15,2027-08-27
1091,Bonus,648.3071468865173,2778,7580,2027-02-28,2027-08-24
6485,Normal,106.27731779382292,5439,2780,2026-10-08,2026-11-06
1505,Bonus,498.5444273603949,2861,7724,2027-09-20,2026-11-16
2048,Normal,871.8292968151062,3069,3715,2026-04-02,2027-07-18
5236,Normal,944.7125946379371,7858,5375,2026-06-30,2027-09-22
4065,Bonus,956.7047264573049,2828,1652,2027-04-15,2027-03-01
8933,Normal,698.9773401905143,2635,5158,2026-06-09,2027-03-31
3497,Bonus,257.3985633517783,5315,1864,2026-07-12,2026-05-31
7678,Normal,923.4636911872434,8545,5547,2026-09-11,2027-11-22
8555,Normal,403.6671820902591,3862,1549,2027-01-04,2026-05-27
5055,Bonus,740.8797594341025,8010,4776,2026-12-26,2027-12-07
2275,Bonus,594.4894831852168,3839,9420,2027-08-29,2026-12-27
3766,Bonus,728.9985047785382,1818,2402,2027-01-16,2026-11-12
8663,Normal,331.8795336101334,5056,4186,2026-03-22,2027-11-10
6685,Bonus,853.5452715179359,5260,6041,2026-12-27,2027-10-25
5806,Normal,955.3122493915503,9057,8642,2026-03-25,2026-09-11
9560,Bonus,489.1987630449608,1864,2595,2026-10-10,2026-03-02
4229,Bonus,349.7398983235295,2104,1916,2026-08-30,2027-08-30
1218,Normal,993.3251836954076,4134,3177,2026-12-12,2026-02-28
2021,Bonus,412.53556705266453,7362,8805,2026-11-24,2026-01-04
8190,Normal,694.5189310491303,1377,2101,2026-05-25,2027-10-09
3690,Normal,383.5769087047661,9943,9347,2027-02-26,2026-05-11
2140,Bonus,862.3760218137181,9877,5988,2026-02-10,2026-07-15
9295,Bonus,488.098389673734,7930,7205,2027-12-24,2026-12-08
9473,Bonus,930.4096421764144,9668,2267,2026-02-04,2026-08-23
1648,Bonus,834.5189725652853,3798,9843,2026-10-22,2027-08-07
4360,Bonus,765.983523203188,6303,1258,2027-05-08,2027-09-25
9537,Normal,342.94615541001724,1497,5815,2026-01-22,2026-05-15
6392,Bonus,990.4485629436177,9299,8967,2026-12-28,2027-01-07
2665,Normal,820.4064121355416,8644,6978,2027-08-09,2027-11-08
2681,Bonus,521.6553634454051,5243,8813,2026-11-06,2026-10-29
1044,Normal,531.716822958414,5565,6702,2026-01-28,2027-03-03
7045,Bonus,206.34636580459897,5065,2006,2027-07-10,2027-11-15
7269,Normal,329.2115963735379,1995,8656,2027-12-14,2026-03-27
3151,Normal,413.536987054146,6768,9713,2027-02-12,2026-09-11
8355,Normal,441.35634600882196,4093,6435,2027-02-27,2027-06-26
8677,Bonus,513.4808601092448,3474,7355,2027-03-20,2026-08-12
2862,Bonus,518.214455141773,6275,9396,2027-02-04,2027-04-07
7205,Normal,889.1178362959976,5625,4159,2026-07-12,2026-10-24
3566,Normal,102.99589675358622,5992,4002,2027-12-11,2026-09-11
6088,Bonus,187.34752644803575,2551,9979,2027-11-02,2027-11-04
6614,Bonus,500.55606885317576,1027,2936,2026-05-20,2026-06-11
1712,Bonus,333.306031657475,1013,9171,2027-08-31,2027-12-10
1767,Bonus,832.9453904846563,9683,5442,2026-07-14,2026-11-26
8613,Bonus,254.52019126888612,4084,4449,2026-01-12,2026-04-14
7636,Normal,524.1607560283361,4242,1036,2026-06-29,2027-03-23
2926,Normal,992.7417499625361,8718,1859,2026-06-18,2026-03-08
5571,Bonus,925.4123987973924,3690,6474,2026-09-16,2026-07-09
6583,Normal,572.8524698652352,1692,4861,2027-03-12,2026-12-11
8673,Bonus,281.89981135359403,9558,1200,2027-09-19,2026-09-12
9903,Normal,411.218339402593,4759,3726,2027-07-25,2027-01-25
2524,Normal,152.68568495311726,7107,8441,2027-02-13,2026-02-27
2376,Normal,665.5328874444203,8961,8855,2026-04-02,2026-09-08
1769,Normal,308.072414543372,7973,8624,2027-03-20,2026-10-23
3033,Bonus,858.3273074308283,9263,4918,2027-11-07,2027-02-28
6243,Normal,680.6882197154556,1704,3164,2026-03-18,2027-02-18
4014,Bonus,687.2026362248238,5069,1833,2027-11-09,2027-04-23
4915,Bonus,470.8627931366429,6128,4365,2026-01-05,2026-02-13
1594,Bonus,977.8110824407923,5717,7839,2026-01-08,2026-06-07
3460,Bonus,849.8170965351924,9487,2712,2026-08-22,2027-03-02
5048,Normal,175.17967793250943,6108,4556,2027-04-01,2026-05-30
3306,Normal,622.8244000238192,8553,6863,2027-05-24,2027-06-26
7918,Normal,636.637202117291,8671,4737,2026-02-23,2027-11-23
6649,Bonus,516.100148218181,3045,3105,2026-09-24,2026-10-18
7083,Bonus,888.0132983399603,1472,9135,2026-04-07,2027-05-12
9809,Bonus,116.66749288001637,2090,2133,2027-11-16,2027-04-14
4501,Normal,681.488009846933,8491,6446,2026-11-01,2027-10-17
7962,Bonus,269.73055093865855,5390,9650,2027-08-27,2026-12-26
6770,Bonus,294.933810968255,6689,2434,2026-12-20,2027-09-02
2805,Normal,411.76336951663484,4322,7549,2026-02-02,2027-11-22
1633,Bonus,566.2439067644017,3138,7125,2026-02-17,2026-09-28
1996,Normal,707.0641069513175,9344,7834,2026-04-07,2026-01-11
2680,Bonus,579.7908681344486,6732,6366,2026-07-13,2027-01-21
4973,Bonus,798.9688359193335,7553,6931,2026-01-13,2026-01-09
7891,Bonus,393.59639179181244,5459,9096,2026-09-08,2026-09-13
3309,Normal,736.9172825328864,8959,7817,2026-02-09,2026-05-08
2011,Bonus,681.7943345224373,7984,8857,2026-11-16,2026-09-30
6681,Normal,579.7542440515462,4086,2140,2027-07-21,2026-08-19
1744,Normal,903.6830999227113,9723,6053,2026-01-12,2027-10-30
3336,Bonus,968.1355387338235,6406,3372,2027-03-14,2027-10-09
5753,Normal,465.73116350762126,2059,7118,2026-02-03,2026-06-04
6672,Bonus,595.0529843923687,8746,5581,2027-09-15,2027-12-29
7226,Normal,813.1219636273216,8222,8149,2026-07-19,2026-04-04
4642,Normal,480.9418674344572,4721,7028,2027-11-13,2027-11-24
4184,Bonus,291.58845919143084,5033,6706,2026-08-31,2027-10-11
9977,Normal,489.2827152630358,3930,9516,2026-09-16,2027-10-30
1852,Bonus,401.52959968742095,2005,6984,2026-12-06,2026-04-28
6110,Normal,452.7933484389206,8092,3568,2026-11-06,2026-08-23
7670,Bonus,376.4170627438947,5825,3382,2026-03-16,2027-05-11
7860,Bonus,437.83671067674817,1519,4823,2026-12-14,2026-07-21
7031,Bonus,791.7906994603558,4590,5016,2027-02-07,2026-12-07
2182,Normal,588.6096174427796,8464,6670,2027-09-17,2027-09-21
7537,Bonus,668.7930318552432,7002,7121,2027-11-15,2026-12-30
3309,Bonus,177.4222996341386,5409,3303,2027-09-16,2026-03-25
3418,Bonus,701.2478345169325,8128,9663,2027-04-10,2027-04-10
3148,Normal,936.7978944158626,4033,4834,2026-06-26,2027-09-06
3935,Bonus,386.2403066099689,1285,7757,2027-03-27,2026-09-27
5768,Normal,183.67238322919516,6935,2376,2026-05-19,2026-08-08
8629,Normal,363.22570382381605,8251,4088,2026-01-06,2027-08-08
9155,Normal,500.2922510993095,6906,2843,2026-07-03,2027-04-18
3759,Normal,924.3023841019642,4175,5832,2027-09-17,2027-07-27
5231,Normal,552.5525074464671,4739,3754,2027-06-08,2027-09-30
5293,Bonus,425.8321860327982,9848,4855,2027-05-30,2026-10-19
5468,Bonus,122.77935290894362,1414,4145,2026-09-26,2026-12-05
1544,Normal,152.55306308566816,6117,7806,2027-09-10,2027-10-20
8389,Bonus,220.9669778687243,2188,5186,2027-02-23,2027-02-13
4256,Normal,777.8739510095686,6526,4874,2026-06-15,2027-12-03
5722,Bonus,205.21786982550248,9908,2320,2027-12-28,2026-11-30
6999,Bonus,223.02119196819353,6817,1235,2026-05-20,2027-06-26
9439,Bonus,747.0227438132857,7627,5104,2027-02-13,2026-08-12
2700,Normal,775.5851706179487,4378,2766,2027-05-31,2026-11-04
8161,Bonus,971.7947497615473,3419,7104,2026-02-16,2027-01-15
1229,Normal,621.0385761315498,9117,8025,2027-04-26,2026-11-19
7633,Normal,780.9489155692835,4623,6407,2026-01-28,2026-07-01
5410,Bonus,583.2913572963295,4212,6439,2026-08-30,2026-09-06
4226,Bonus,315.06034670135756,1443,2194,2026-12-28,2027-03-25
2849,Normal,594.9368125941403,9200,9028,2027-05-07,2027-10-06
7402,Bonus,144.9415423562982,3447,7447,2026-07-19,2027-02-18
4397,Bonus,213.91387603350762,9352,5506,2026-07-10,2027-06-12
8452,Normal,995.9526759079727,3406,7864,2026-07-27,2026-06-12
3845,Normal,342.58738356314694,6254,6050,2026-07-19,2026-02-18
7183,Bonus,913.3670190668995,9731,9398,2027-03-30,2026-04-16
5059,Bonus,568.5857584757479,2248,6544,2026-10-30,2027-07-08
9639,Bonus,534.3345108759083,6375,4967,2027-06-09,2026-10-20
9603,Normal,451.3080524362989,5998,2828,2026-04-28,2027-09-19
5803,Normal,223.13493033580193,1883,8808,2027-11-22,2026-02-15
7843,Bonus,368.6745917789525,1835,3203,2026-03-27,2027-06-30
1344,Bonus,653.9877568239156,6551,7321,2027-06-03,2027-03-20
9544,Normal,286.87542262974733,9768,7332,2026-02-21,2027-07-22
9011,Bonus,778.582421763193,4531,3516,2027-10-01,2027-12-04
5148,Bonus,527.6551155364426,4062,4421,2026-12-11,2027-11-17
5127,Bonus,697.6684716012727,3715,2907,2026-05-29,2027-02-08
7731,Normal,938.2231515174423,7183,3773,2027-07-21,2026-08-12
7028,Bonus,835.0339322467886,9805,1692,2027-10-01,2026-03-24
1533,Bonus,887.979473960891,9582,9577,2027-11-12,2026-07-11
6779,Bonus,463.70619014576914,2489,8808,2026-08-08,2026-05-13
4114,Bonus,393.3340680100354,9002,1905,2026-05-11,2027-05-24
6259,Normal,698.2080758539136,2496,4989,2027-09-13,2026-05-19
9092,Bonus,475.5773776430661,7984,1418,2027-04-23,2026-07-06
4876,Bonus,167.90944120778477,4081,5923,2026-02-24,2026-08-13
9235,Bonus,413.2591828350511,9948,6475,2026-03-04,2026-02-13
6348,Normal,793.7958383676404,8973,3068,2026-01-27,2026-12-11
4851,Normal,138.15831676267348,7988,6933,2027-07-21,2027-02-07
9856,Bonus,445.17299548935057,2035,9806,2027-02-19,2026-03-06
3574,Normal,914.8675528006717,4885,9371,2026-06-07,2027-12-29
7390,Bonus,471.9766003634355,3728,3113,2026-04-29,2027-08-08
1501,Normal,125.62603746329458,2942,6432,2026-01-28,2027-07-30
7524,Normal,333.67342285181337,9406,8380,2026-04-01,2026-10-07
7225,Normal,283.2079167164037,3700,6787,2026-12-21,2027-03-19
4006,Bonus,349.25136034816467,7247,6019,2026-07-06,2027-04-28
7968,Bonus,674.7420100614709,6803,5725,2027-01-20,2026-04-23
8000,Normal,122.38166504610642,6094,7305,2027-08-27,2026-02-16
5328,Normal,911.970269578288,3168,5010,2027-02-23,2027-05-11
6534,Normal,639.7684240169348,2031,1530,2027-01-09,2027-04-29
1128,Bonus,242.8417243129004,6957,7265,2027-07-06,2026-03-23
8798,Normal,429.15010248384647,3265,3851,2026-04-02,2026-06-03
9513,Bonus,926.5049821811292,9532,8098,2027-08-12,2027-02-12
3476,Normal,215.74729525473185,4132,8289,2027-10-13,2026-08-11
7525,Normal,893.1129002081664,5664,8471,2026-08-29,2027-08-06
3283,Bonus,723.4528774607957,9005,1250,2027-12-10,2026-02-19
6711,Bonus,259.81518036238117,6612,4735,2027-08-22,2026-10-03
6693,Normal,856.2345281796528,3851,5887,2026-04-29,2026-03-16
7191,Normal,425.54680353426363,2791,7060,2026-08-24,2026-10-31
7338,Bonus,500.15654387413235,2691,2616,2026-10-17,2027-06-26
9039,Bonus,993.1526001019982,3196,8529,2026-11-18,2026-09-23
1309,Bonus,379.89676896292576,2768,1656,2027-04-06,2026-09-10
3734,Normal,182.6908297974727,1157,9895,2026-03-23,2026-10-10
4198,Bonus,174.63394005415563,2908,6308,2026-12-02,2026-04-01
8759,Bonus,184.44788722711635,8423,7948,2027-04-29,2026-11-04
6698,Bonus,868.8189652845532,4577,8644,2026-06-12,2027-11-25
8350,Normal,604.9230981682119,2959,4436,2026-02-03,2027-09-17
7116,Bonus,959.2827329218361,5479,7190,2026-05-24,2027-06-13
9495,Normal,145.2932385764259,4331,6289,2026-11-21,2026-09-02
2248,Normal,732.4767104707607,3227,4553,2026-05-29,2026-01-12
4927,Normal,893.3365681927403,1469,2593,2027-11-07,2027-10-19
3345,Normal,500.01984523703294,9469,8863,2026-04-13,2026-01-29
1123,Bonus,784.3935222617392,9651,3073,2026-01-28,2027-11-24
7070,Normal,136.11855836423695,9813,2069,2026-02-09,2027-09-21
2365,Bonus,958.2204699652559,8798,2520,2027-02-23,2026-10-25
1076,Normal,728.839449888045,1926,3038,2027-08-14,2027-05-11
9736,Normal,684.8527474560476,8854,4532,2026-06-14,2027-01-12
9945,Normal,817.5669486530709,7530,9615,2026-08-24,2026-03-08
7697,Normal,634.1394113946396,8459,1230,2026-08-28,2027-01-24
5983,Bonus,219.02841990529893,4356,2652,2027-07-07,2027-08-22
9386,Normal,828.9242025446648,4250,7714,2026-05-18,2026-05-14
1090,Normal,586.0839624747745,9771,9670,2026-04-25,2027-11-10
2165,Normal,936.2147428870818,7893,6494,2026-01-31,2026-09-12
3321,Normal,485.114886056478,5419,1246,2027-10-13,2026-10-06
3098,Bonus,270.1292741681972,6433,6207,2027-10-07,2026-09-02
8047,Normal,363.7077829496236,5172,6844,2027-09-06,2026-07-04
4308,Normal,191.77449712202127,8166,7353,2026-09-21,2026-10-05
8948,Bonus,505.83353749845315,4583,2296,2026-05-07,2026-11-21
1415,Normal,595.6322911402262,5688,4233,2027-12-10,2026-09-11
8512,Bonus,554.8472418533679,6622,2351,2027-06-16,2026-08-17
9590,Normal,730.143882420428,6706,8179,2027-06-18,2027-10-05
5306,Bonus,353.6895875148059,7577,4477,2026-01-05,2027-04-23
1965,Bonus,447.24555349072267,8805,1563,2026-05-14,2026-07-29
5030,Bonus,807.1343884003207,6283,7018,2027-10-24,2026-08-03
9556,Normal,979.9968353854314,6392,6422,2027-06-30,2026-04-16
3237,Normal,650.3381623329095,4414,6897,2027-08-14,2027-09-14
9968,Bonus,389.5396394377048,6590,1258,2026-11-16,2027-10-24
7779,Normal,774.4970972682576,2810,9166,2027-12-09,2026-03-08
5106,Bonus,971.1888556220864,6553,6553,2027-05-21,2027-11-12
7380,Bonus,605.3706346259004,6903,3242,2026-10-11,2027-03-18
3518,Normal,288.4998781530527,6799,3964,2026-03-24,2027-11-04
2536,Normal,468.094427981223,6952,6701,2027-11-30,2027-05-05
5336,Bonus,875.4187455333143,4784,8106,2027-07-22,2027-03-23
2257,Bonus,862.1027540616423,8002,1221,2026-02-05,2027-01-01
7247,Normal,677.0059197349349,6840,5138,2027-07-16,2027-08-14
9132,Bonus,790.4397798093707,5733,2545,2026-03-25,2026-10-28
3609,Normal,740.5249370835336,7564,6236,2027-03-20,2027-09-04
7426,Normal,984.3796015680318,9563,6956,2026-01-03,2027-12-22
9038,Normal,737.2753036774575,6188,2355,2027-05-25,2027-12-07
8586,Bonus,292.9520088017505,1648,6390,2026-05-09,2026-05-10
1330,Normal,891.0257439794825,3743,5094,2026-08-30,2027-01-18
7032,Bonus,655.3746853294475,9939,2654,2026-11-27,2026-10-20
2262,Bonus,961.398081081696,9592,1793,2026-01-04,2026-06-08
5708,Normal,809.4442575590799,3242,4412,2026-03-17,2027-08-15
2340,Bonus,229.61309466970528,9856,5523,2026-12-05,2026-10-29
9347,Bonus,680.6475292660076,5709,1251,2026-06-18,2026-11-10
3004,Bonus,871.4889566436018,4298,5212,2027-07-30,2026-10-17
8484,Bonus,211.7323381658206,8085,8812,2027-08-18,2027-08-13
7109,Bonus,635.0837683797691,6893,2124,2027-11-17,2027-05-28
1177,Normal,298.86562145939365,8848,2695,2027-01-27,2026-04-08
4871,Bonus,705.1193644137038,8325,6174,2026-01-25,2027-10-16
4341,Normal,306.7026740551411,9581,8822,2026-08-14,2027-09-24
5153,Bonus,796.6907389862397,5674,8773,2026-10-03,2027-06-20
5236,Bonus,228.78870807267808,6323,8966,2026-11-18,2026-08-10
2371,Normal,772.9895120686288,3114,2161,2027-03-29,2026-10-09
2304,Bonus,752.3243237695536,3417,1505,2026-12-20,2027-09-12
4733,Normal,851.1152390837169,4916,2786,2027-08-14,2026-09-27
7988,Normal,786.6068784310856,8802,5854,2027-05-03,2027-11-12
8404,Bonus,157.17377140746487,3873,2986,2026-12-09,2027-03-09
8179,Normal,296.54754781782276,3416,4345,2027-12-30,2027-12-19
9352,Normal,175.3639175629839,1432,5662,2026-07-12,2026-09-23
9664,Bonus,490.8457535556701,8895,2104,2026-02-24,2026-01-27
8233,Bonus,214.78860760912573,3354,3078,2026-09-17,2027-03-11
4165,Normal,738.5197688086957,9922,7017,2027-06-09,2027-02-23
1446,Bonus,385.24731684611817,3431,1325,2026-10-17,2026-06-24
7509,Bonus,306.3262027568481,9243,2534,2026-04-07,2026-06-13
7691,Bonus,525.9058105995487,3045,9966,2027-02-21,2026-02-23
4437,Bonus,742.3505551266032,9563,9617,2027-11-12,2027-11-28
6718,Bonus,753.9732029455263,7561,6117,2026-12-21,2026-03-16
9905,Bonus,351.71248646649315,3316,6377,2026-06-21,2027-10-03
9467,Bonus,795.781244498226,3418,8639,2026-02-15,2026-03-07
6459,Normal,832.1692244255985,4553,5303,2027-09-25,2026-07-20
2724,Normal,572.817607596799,1884,8795,2026-09-28,2027-06-13
5732,Bonus,698.2851977762042,3277,9971,2027-02-02,2027-02-08
7870,Bonus,335.27939509669505,8910,4255,2027-12-21,2027-12-04
9956,Normal,618.763276538679,4091,3428,2026-12-22,2026-12-29
9176,Normal,449.296612299922,6544,2363,2027-08-01,2027-12-05
7598,Bonus,256.7249333319767,7972,8365,2026-10-18,2027-12-22
8766,Bonus,354.7919648713789,7444,8148,2027-01-19,2027-08-09
6634,Bonus,226.4622087295184,3719,9883,2027-10-29,2026-11-13
1207,Normal,588.1394195953652,4818,2035,2027-10-07,2027-04-07
9422,Bonus,707.3273473649306,5554,6032,2027-01-15,2027-07-31
7514,Bonus,843.9553069611493,8748,5701,2026-01-19,2027-05-09
2901,Bonus,830.7448559539304,9643,8165,2026-02-04,2027-03-18
2575,Normal,893.5006669414277,6350,6017,2027-03-26,2026-03-19
4901,Normal,281.4201181534044,1033,3587,2027-09-10,2026-12-03
7558,Normal,235.5592251645313,3940,8001,2027-03-02,2026-06-09
1718,Bonus,682.3116115197015,6838,9823,2026-09-25,2026-08-22
8464,Normal,138.55228852046707,7109,2696,2026-12-21,2027-03-16
3063,Bonus,618.8888394695748,2938,7774,2027-12-05,2027-11-08
5606,Normal,531.7545899405121,9357,1930,2027-04-07,2026-03-16
6962,Normal,728.1458206485664,1586,4194,2026-06-23,2027-10-12
7696,Bonus,356.7140171611908,1533,7042,2027-07-01,2027-12-26
2816,Normal,846.5583400095725,4855,3903,2026-09-27,2027-11-17
8264,Bonus,751.2612823187651,3446,7530,2027-02-20,2027-02-18
4858,Normal,290.49336125730593,4435,8329,2026-05-19,2027-11-24
2821,Normal,969.6252284050353,6872,8992,2026-07-31,2027-10-30
4670,Normal,466.7496885036093,8537,5466,2027-05-10,2027-12-22
6305,Bonus,110.87975399739236,1392,5345,2026-03-22,2027-07-16
5890,Normal,497.2206043704935,8748,2236,2027-01-09,2026-10-09
3873,Normal,438.8929300850565,2253,2157,2027-02-05,2027-12-21
1400,Bonus,629.049742475677,7484,7691,2027-09-04,2027-05-22
4965,Normal,186.99643861335534,2634,5991,2026-04-30,2027-01-05
3831,Bonus,109.69989883783646,9991,8223,2027-08-05,2027-02-12
1811,Bonus,448.68242475555434,5674,6771,2027-05-28,2026-02-26
1358,Normal,758.8424153582897,9711,1918,2027-04-12,2026-10-16
6195,Normal,483.9877307465016,6549,2342,2027-06-26,2027-08-19
1531,Bonus,236.74845624197357,7764,2987,2026-02-05,2026-06-02
4502,Bonus,788.3490892246094,8254,3635,2026-09-26,2026-10-05
3484,Bonus,652.8967700101878,2098,2941,2027-09-11,2026-01-08
5961,Bonus,140.1294157757857,9498,5714,2027-11-18,2027-09-15
3331,Bonus,783.5381470018685,7512,8840,2026-04-10,2026-08-10
6698,Normal,351.1874785429931,8603,9412,2026-01-04,2026-02-25
4621,Normal,854.2076523424113,8637,8626,2027-01-29,2027-06-18
8727,Normal,866.57080192935,7760,1709,2026-02-06,2027-03-03
5986,Normal,398.1368543933904,3694,9267,2026-10-09,2027-02-11
6832,Normal,294.9578205915383,3567,5935,2026-02-15,2027-04-25
7504,Bonus,702.6900053075774,9860,7360,2026-07-15,2027-03-19
5527,Normal,864.0615927880856,4887,3195,2026-06-14,2026-05-28
8921,Normal,871.3788846853936,2792,7429,2026-04-02,2027-07-23
8496,Normal,148.56325576977716,6862,6824,2026-04-03,2027-08-16
6461,Normal,109.94831108654175,8235,8809,2026-01-10,2026-10-14
2383,Normal,963.1473410811491,8497,4953,2026-06-10,2026-10-17
9002,Bonus,643.6767510057921,9109,6635,2026-05-22,2026-12-16
2540,Bonus,164.16985487955736,1893,5434,2027-01-12,2026-03-07
2758,Normal,180.32337023371304,1596,8335,2027-12-08,2027-02-27
2769,Bonus,985.8473981593029,7825,9582,2027-05-14,2026-01-02
7202,Bonus,672.6143331770588,8369,2671,2026-06-01,2026-06-23
2901,Normal,761.906243493529,6380,2636,2027-01-02,2027-02-13
2715,Normal,884.0667878380016,2656,9789,2026-07-12,2027-07-16
7039,Bonus,947.2940095383564,3893,5517,2027-02-11,2026-08-25
4334,Normal,987.2770447540113,8018,4485,2027-07-26,2026-12-31
7986,Bonus,260.08070792400974,6154,4674,2027-03-26,2027-01-24
4303,Normal,197.98993756267635,8558,8574,2027-04-16,2027-08-17
7619,Bonus,765.913583621591,3540,2955,2027-07-23,2027-10-30
5719,Bonus,891.3892998125532,8984,5191,2027-10-07,2026-04-29
5990,Normal,725.4511326555198,7055,5458,2026-09-09,2027-01-15
7029,Normal,649.4700835346969,1463,1719,2026-08-15,2026-12-23
7233,Bonus,663.7535621715198,4422,4330,2026-03-17,2027-12-16
4012,Normal,482.44083322726016,1889,1753,2026-05-30,2026-05-14
1848,Normal,261.1075726869308,6527,6128,2027-01-02,2027-07-07
1137,Bonus,325.4063325836015,6604,7794,2026-10-29,2026-06-05
7308,Normal,288.85789955568725,1253,7982,2026-06-28,2026-10-21
1803,Bonus,641.4362482111924,6363,8736,2026-03-20,2027-06-01
5889,Normal,193.96380995364862,4538,1819,2026-12-21,2026-12-28
1045,Bonus,381.076879095356,7348,5171,2026-04-05,2026-06-12
6267,Normal,867.0638596644368,6155,7099,2026-06-27,2026-02-04
2069,Normal,982.2264316555479,9354,4946,2026-09-03,2027-08-28
1733,Bonus,533.9078057528288,2795,3435,2027-10-14,2026-05-11
8841,Normal,102.82600134407808,8675,4032,2027-04-19,2027-03-01
3658,Normal,172.83117457640745,2580,2362,2027-09-09,2027-05-04
6653,Normal,173.66318767327527,5822,8093,2026-03-03,2026-09-07
6630,Bonus,289.43050519509603,7377,2846,2026-06-24,2026-08-17
5837,Bonus,289.7195510289952,9830,5566,2026-04-12,2027-07-09
5689,Normal,327.1040868043716,4223,5907,2027-09-16,2026-05-21
8214,Normal,265.00577177478004,4939,9051,2027-05-22,2027-10-19
6128,Bonus,118.26260524610316,2408,4871,2027-03-28,2026-10-08
3692,Bonus,583.601207988329,7429,4644,2027-08-25,2027-06-28
9921,Bonus,320.4431498885297,1536,2765,2026-04-07,2027-12-29
3498,Bonus,643.2550556970575,4377,8810,2026-07-01,2026-03-09
7908,Bonus,223.75923801185445,9722,2085,2027-12-12,2026-01-17
5958,Bonus,595.7049960772529,4801,6254,2027-03-05,2026-12-16
5073,Bonus,585.9548274936678,6932,6021,2026-05-04,2027-12-18
1359,Normal,792.4887539771131,4895,6739,2027-09-04,2027-12-13
8223,Normal,595.4188043902268,2346,2182,2026-02-23,2027-06-12
1024,Bonus,241.78605382603624,1286,6194,2027-08-04,2026-04-17
5958,Bonus,165.89374989268518,7247,2152,2026-08-30,2026-07-14
9842,Bonus,748.5691298300177,5307,3160,2027-01-12,2026-06-15
3447,Bonus,288.6047113191018,7950,3640,2027-02-18,2027-10-09
9594,Bonus,914.1483528270119,4908,5229,2027-05-30,2027-10-01
9853,Bonus,385.8360160094863,1613,2752,2027-04-24,2027-12-30
3360,Normal,930.0367274460267,6714,1075,2026-01-28,2026-04-09
6058,Bonus,151.80472003032702,8054,4690,2027-06-01,2026-04-13
9480,Normal,539.5068158309352,9796,1931,2026-04-22,2027-06-20
7747,Normal,553.0097210095109,9276,4889,2026-08-27,2027-06-07
9216,Normal,987.1965286090989,9341,2649,2027-04-06,2026-07-15
6695,Bonus,708.1061990183682,2333,5194,2027-06-01,2026-11-18
2752,Normal,707.3009441792532,4691,1601,2026-03-08,2026-05-26
