promotion_id,discount_percent,name,Assigned_tier,start_date,end_date,IS_INSERTED,IS_MODIFIED
3833,27.821420296002675,spend,Gold,2026-09-29,2026-01-22,2027-11-24,2027-11-21
3724,25.586827674400716,much,Gold,2026-02-28,2026-06-25,2027-07-04,2026-02-15
5565,24.508551596251007,room,Platinum,2026-06-15,2027-10-30,2026-09-19,2026-02-11
7105,26.785743028637985,my,Platinum,2026-07-27,2026-09-26,2026-08-23,2026-11-16
3447,16.278531102570966,here,Silver,2027-06-13,2027-04-16,2027-12-04,2027-02-15
7040,5.998428063241052,house,Silver,2026-01-16,2027-11-16,2027-07-12,2027-12-09
9743,8.859056368408009,get,Gold,2026-08-06,2026-03-16,2027-02-14,2027-05-22
8215,22.284079077063534,cause,Silver,2027-02-05,2026-09-05,2027-01-08,2026-08-16
5106,26.28499545010548,billion,Gold,2027-11-29,2026-06-06,2027-01-27,2026-10-28
4740,5.132067621129581,thing,Gold,2027-03-21,2026-01-29,2027-11-14,2026-11-22
6727,14.637255944173809,their,Gold,2026-08-26,2026-03-08,2026-12-10,2026-08-07
8642,5.967304827218659,night,Platinum,2026-12-11,2026-05-28,2026-09-07,2027-10-15
1747,13.716098210008502,Mrs,Gold,2027-05-19,2026-04-10,2027-05-02,2026-02-09
5227,23.335710124334955,face,Silver,2027-07-17,2026-12-13,2027-07-29,2027-07-09
1877,5.333915629599427,book,Platinum,2026-09-25,2027-01-15,2027-12-27,2027-06-11
9656,22.753757319352818,election,Gold,2027-02-23,2026-12-18,2026-09-17,2027-02-19
7703,9.175165480798176,letter,Gold,2027-01-23,2026-08-30,2026-08-18,2027-09-17
7591,20.823265751147744,toward,Gold,2026-04-30,2027-08-20,2026-03-19,2027-12-17
4982,23.89896880662711,international,Silver,2027-07-17,2027-02-05,2026-05-14,2026-10-11
9656,27.155837646173023,relationship,Platinum,2026-07-22,2026-07-02,2026-04-04,2027-01-03
8640,22.636795873686157,country,Silver,2026-07-22,2027-08-06,2027-04-27,2027-04-28
4143,25.498010024487982,short,Platinum,2026-12-19,2026-08-19,2026-05-23,2026-02-10
6530,14.535139774120053,girl,Gold,2026-09-19,2026-07-23,2027-10-25,2026-09-24
1775,25.37351396569815,line,Platinum,2027-04-25,2026-05-20,2027-09-01,2027-04-08
7198,19.46698298299539,Democrat,Silver,2026-02-06,2027-04-24,2027-11-27,2027-05-17
5961,29.39819865110008,cause,Platinum,2026-12-08,2026-09-08,2026-01-16,2027-09-01
6776,11.424004732070461,edge,Silver,2027-02-17,2026-04-12,2026-03-14,2026-11-04
6609,9.834187239243011,difference,Silver,2027-09-23,2026-08-15,2027-01-08,2026-04-03
2651,23.103377702702584,ten,Silver,2027-01-28,2026-04-18,2026-02-12,2027-11-19
5848,7.676168310286636,significant,Gold,2027-01-13,2027-02-07,2027-12-19,2027-04-25
1468,10.079061936078633,while,Platinum,2026-08-25,2026-05-17,2027-06-20,2026-02-24
8578,6.1398852551638505,argue,Gold,2026-12-27,2027-11-07,2026-04-13,2026-03-04
4760,13.170428569161981,without,Silver,2027-06-10,2027-05-24,2026-08-15,2026-01-03
4815,29.11697677440871,hundred,Silver,2027-10-04,2026-10-22,2026-04-07,2026-06-08
8723,21.056245333650708,walk,Silver,2027-04-18,2026-02-05,2027-11-29,2027-12-07
5374,14.1232927237204,under,Gold,2026-10-04,2026-11-22,2027-06-19,2026-01-21
4892,7.861933173803832,condition,Silver,2027-06-16,2027-05-09,2026-05-02,2026-11-06
3045,14.283601510205635,field,Silver,2026-06-15,2027-12-20,2026-07-10,2026-01-22
1803,24.676839585365308,less,Platinum,2027-08-07,2027-04-07,2027-06-14,2026-11-14
9710,17.697108281732273,expert,Gold,2027-12-15,2026-06-23,2026-11-27,2026-07-27
8238,25.632219872518423,job,Gold,2026-10-20,2026-10-13,2026-08-26,2027-01-20
7359,23.725077867444703,instead,Platinum,2026-01-14,2026-11-28,2026-12-14,2026-03-19
9743,10.448391978505924,thought,Gold,2026-09-18,2026-06-11,2026-02-24,2027-05-12
7349,22.613510126411853,seem,Platinum,2027-12-22,2026-08-31,2026-09-08,2027-07-18
8438,21.60891594546257,I,Platinum,2027-02-18,2026-03-04,2026-05-16,2027-03-25
4005,26.077228331674917,police,Platinum,2027-06-14,2027-12-13,2027-05-02,2026-08-07
9775,26.654729137948024,million,Gold,2026-12-22,2026-05-02,2027-06-29,2026-05-03
8662,28.176418340627023,provide,Silver,2026-07-16,2026-02-28,2026-06-24,2027-09-02
8302,5.48926661863789,leader,Silver,2026-12-25,2027-11-12,2027-06-15,2027-10-02
4166,11.333141684565335,meet,Gold,2027-02-01,2027-08-21,2027-10-28,2027-01-20
6725,12.562444073264697,parent,Platinum,2026-01-12,2026-07-13,2027-12-01,2026-01-09
2591,15.31144846439213,goal,Gold,2027-11-10,2027-01-31,2027-09-02,2027-03-17
8200,21.191899987666318,hold,Gold,2027-01-13,2027-02-12,2026-02-25,2027-03-10
5352,14.110976130368883,expert,Gold,2026-09-01,2027-01-25,2026-10-13,2026-12-15
5908,18.775006884051006,arrive,Gold,2027-10-30,2027-04-23,2026-07-18,2027-11-20
8318,18.745981402293502,range,Silver,2027-07-05,2027-05-11,2027-07-12,2027-03-29
5475,13.19542414045207,PM,Silver,2026-04-15,2027-07-21,2027-08-12,2027-08-18
7008,9.004987729598783,list,Silver,2027-11-27,2026-07-19,2026-05-04,2026-02-12
2845,18.685469831530504,ground,Gold,2026-10-26,2027-01-19,2027-01-05,2027-04-24
3878,27.353535256512295,teach,Platinum,2027-10-09,2026-09-30,2026-07-14,2026-05-13
5830,29.203356700165667,parent,Gold,2026-09-17,2027-06-16,2026-05-18,2027-12-18
9884,28.921689434001774,turn,Platinum,2026-12-19,2026-09-03,2027-05-21,2026-07-27
2838,26.898815927526808,themselves,Gold,2027-02-22,2027-11-06,2026-07-30,2026-06-14
9298,29.365667317410217,discover,Platinum,2027-09-19,2027-11-19,2027-05-18,2026-09-26
6639,29.49027619863395,never,Gold,2027-08-07,2027-05-15,2027-08-07,2027-09-16
4665,17.00850795278634,special,Silver,2026-10-03,2027-09-28,2026-04-14,2026-05-24
6840,25.206166325991486,ball,Gold,2026-09-23,2027-02-07,2027-01-26,2026-11-25
3190,29.09940213992085,ten,Platinum,2026-10-10,2027-11-20,2027-01-01,2027-04-28
1401,21.332944777490354,factor,Gold,2027-06-24,2027-11-19,2027-01-27,2026-10-29
6287,11.809187010602958,wish,Gold,2027-07-04,2027-05-19,2026-10-30,2026-06-03
9098,22.40453711975996,peace,Silver,2026-05-11,2027-01-04,2027-12-06,2026-10-13
6853,12.530507479389414,this,Platinum,2026-07-16,2027-07-29,2026-09-13,2027-10-19
4087,9.428836483539214,early,Platinum,2027-10-14,2027-05-22,2027-10-09,2027-11-04
7022,19.231446437204823,never,Gold,2027-07-21,2026-07-05,2026-08-25,2027-11-29
4892,17.158094847651746,financial,Platinum,2027-04-05,2027-02-01,2026-08-21,2026-01-19
4971,27.620327270597926,meet,Gold,2027-09-23,2027-11-08,2027-01-11,2027-01-11
7315,27.36631298843989,two,Gold,2027-02-28,2027-08-18,2026-05-11,2027-07-11
5028,26.44423981025672,ready,Gold,2027-07-20,2026-06-27,2026-07-10,2026-12-05
8060,29.900616082279218,yard,Silver,2026-10-02,2026-09-20,2026-03-27,2026-09-25
6283,10.792549396726276,piece,Gold,2027-06-10,2026-05-26,2027-11-11,2027-11-28
1462,23.51919099337025,girl,Platinum,2027-11-01,2026-03-02,2026-10-26,2026-03-12
9480,23.02491072857282,recognize,Gold,2027-05-12,2026-10-09,2026-12-22,2027-01-18
6267,20.588709503009582,form,Platinum,2027-05-22,2027-05-22,2026-07-12,2026-05-10
8252,14.766066312118618,threat,Gold,2027-03-14,2026-05-05,2026-10-09,2026-06-24
9177,17.843142964735982,benefit,Silver,2027-06-10,2027-06-10,2026-01-02,2027-06-16
5529,26.189578220113955,happen,Silver,2026-03-07,2027-08-24,2026-03-23,2026-11-03
4152,17.336026463977756,just,Gold,2027-06-07,2026-08-07,2027-06-16,2026-08-04
9664,22.89637256515907,form,Platinum,2027-12-26,2027-01-29,2027-02-24,2027-03-15
1296,6.403960915669142,prevent,Gold,2027-06-29,2027-09-21,2027-12-07,2027-07-08
9339,18.24680338286754,main,Silver,2026-07-02,2026-06-28,2027-06-28,2026-06-02
4371,25.182848179070042,over,Gold,2026-10-18,2027-08-11,2027-03-19,2026-05-17
4532,15.62618602916075,four,Gold,2026-01-20,2026-07-23,2027-03-27,2026-12-27
6614,8.01984109364637,enjoy,Platinum,2026-08-19,2027-04-23,2027-01-31,2026-11-28
7818,26.88329162885679,institution,Gold,2026-01-11,2026-06-03,2027-03-22,2026-03-24
8495,11.3138392188065,light,Silver,2026-10-30,2027-03-19,2027-05-22,2027-03-21
3547,20.76573056465148,brother,Gold,2027-02-17,2026-03-02,2026-10-06,2026-06-03
7564,9.861972201278009,none,Platinum,2027-03-01,2027-07-09,2026-09-05,2027-12-01
6523,24.211998484812973,turn,Silver,2027-01-12,2027-12-16,2026-10-21,2027-07-14
8540,16.537187010821295,meeting,Silver,2027-06-02,2026-06-17,2027-03-24,2026-10-02
2859,26.686452943539294,relationship,Platinum,2027-06-24,2026-06-12,2026-02-20,2027-11-14
8318,16.553552522909428,cultural,Gold,2027-04-22,2027-01-26,2027-11-01,2026-06-18
7104,10.730272757040153,thing,Gold,2026-07-17,2026-12-16,2026-11-21,2027-04-07
3878,14.563932543403592,Congress,Silver,2026-12-09,2026-07-12,2027-08-30,2026-06-05
1353,29.10192606932925,think,Gold,2027-12-25,2027-07-21,2027-02-28,2027-01-01
1344,12.42722952796816,garden,Platinum,2027-07-10,2026-01-24,2027-05-20,2026-02-26
8242,11.903981282748333,blood,Gold,2026-06-25,2027-06-10,2026-10-10,2026-08-03
8859,24.33438195707837,or,Silver,2027-06-03,2027-08-30,2027-04-29,2027-09-19
6785,18.36137476429218,join,Silver,2026-01-19,2026-08-05,2026-09-23,2027-12-15
7809,25.33331469803717,land,Silver,2026-01-03,2027-07-18,2026-08-27,2027-04-09
7241,5.207296607077668,concern,Silver,2027-03-20,2027-08-02,2026-03-20,2026-08-30
6756,18.014943654329663,least,Platinum,2026-01-12,2026-12-13,2027-10-18,2026-07-28
9611,17.555267533806738,participant,Platinum,2027-12-03,2026-07-29,2026-11-16,2027-11-28
9792,24.159747636280123,wide,Platinum,2027-11-29,2027-06-08,2027-09-09,2026-03-08
3582,9.574665796966896,hand,Silver,2027-02-19,2026-04-15,2027-09-12,2026-03-08
8878,28.9574356291343,this,Platinum,2027-10-22,2027-06-10,2026-06-29,2026-02-25
5321,28.616684110987,discussion,Platinum,2026-12-12,2026-01-08,2026-01-18,2027-02-02
9356,11.960668026501107,street,Platinum,2026-02-12,2026-11-04,2026-03-05,2026-11-12
8008,11.813459330698056,old,Platinum,2026-03-13,2026-09-03,2026-01-06,2026-11-05
9386,15.151390476026181,including,Platinum,2026-03-25,2027-03-03,2026-01-25,2027-04-18
4224,6.394334235029307,western,Platinum,2027-02-02,2027-11-19,2027-08-24,2027-04-05
8400,16.808633855227438,check,Platinum,2027-09-05,2026-10-28,2027-07-27,2027-01-06
4524,20.434583244674574,top,Silver,2026-05-23,2026-01-04,2026-09-15,2026-01-18
2626,6.244749656586391,put,Silver,2027-07-07,2026-10-02,2027-01-14,2027-08-21
1662,19.749352265181503,possible,Silver,2027-01-23,2027-04-08,2026-03-31,2027-11-08
9260,10.01023330346543,cost,Platinum,2027-10-11,2026-08-27,2026-09-18,2027-11-12
6272,16.40819419104709,among,Silver,2027-08-25,2026-02-18,2026-01-13,2026-10-02
1229,28.05951283507779,company,Silver,2026-11-10,2026-04-02,2026-01-17,2027-06-28
5981,11.578159560863995,receive,Gold,2027-04-04,2027-11-18,2027-12-06,2027-11-12
9332,14.756408768449521,town,Gold,2026-09-18,2026-03-03,2026-06-25,2026-03-30
6184,23.706774447931984,car,Gold,2026-08-11,2027-11-15,2026-11-06,2027-03-31
2629,16.847431646104894,employee,Gold,2026-08-18,2026-03-17,2026-07-05,2026-08-31
1346,6.0922671474361465,turn,Gold,2026-03-01,2027-01-19,2026-04-07,2026-01-16
7923,16.090698334440102,realize,Platinum,2026-11-11,2027-03-26,2027-01-19,2027-07-07
4992,5.495967349128793,next,Platinum,2026-08-14,2026-12-05,2026-02-20,2027-11-05
6845,11.233294199612278,rock,Silver,2027-03-30,2027-07-01,2027-05-20,2027-06-13
6038,22.902900436421696,dog,Silver,2026-12-12,2026-10-01,2027-02-16,2026-10-25
4004,24.946146373415598,ball,Platinum,2026-06-20,2027-06-19,2027-10-26,2026-09-25
8677,11.846240326217064,prevent,Silver,2026-10-13,2027-11-29,2027-11-26,2026-04-03
8593,12.181927610004582,kitchen,Gold,2027-10-04,2026-09-24,2026-10-15,2026-11-07
1099,6.547153893955802,rest,Silver,2026-02-08,2027-03-10,2026-08-03,2027-05-22
8387,5.989327125071676,charge,Gold,2026-11-23,2026-10-17,2026-03-29,2026-08-20
3381,13.208026430156274,ability,Silver,2027-12-12,2026-03-03,2026-10-18,2027-04-13
2654,27.909299913221272,especially,Silver,2026-09-02,2027-05-07,2027-02-12,2027-06-04
6357,24.252510393631965,recently,Silver,2026-09-29,2026-02-27,2026-12-18,2027-05-14
7782,9.742086071009247,statement,Gold,2026-12-19,2027-04-14,2026-07-07,2027-06-08
1467,9.814814527075018,onto,Silver,2026-12-06,2027-10-24,2026-07-29,2026-07-08
8859,10.675147668295207,growth,Silver,2027-02-08,2026-08-03,2026-07-10,2027-08-10
1692,23.67578396499315,still,Platinum,2026-03-23,2027-07-28,2026-11-07,2026-08-15
5932,18.500312545852974,teacher,Gold,2026-06-17,2027-03-24,2026-11-01,2027-12-20
3358,16.754119077005868,like,Platinum,2027-10-12,2027-12-30,2027-12-09,2027-06-27
3964,22.984388939359324,final,Platinum,2026-05-06,2026-01-06,2026-08-09,2026-01-28
3377,12.485769390078744,method,Silver,2027-07-12,2026-05-08,2027-08-24,2027-11-15
5121,16.662546751930705,stage,Silver,2027-06-01,2027-03-27,2026-03-25,2027-05-04
5797,20.581318143408872,develop,Silver,2026-02-10,2027-03-02,2027-11-15,2027-07-20
8869,24.001686193231563,chance,Silver,2026-08-26,2026-04-05,2027-02-14,2026-09-09
2518,16.391229926617743,bring,Platinum,2026-03-06,2026-03-14,2026-12-14,2027-06-21
1010,11.926986472223067,American,Platinum,2026-12-05,2026-04-24,2026-06-23,2026-08-16
9875,10.30980765217603,wife,Gold,2026-08-17,2026-09-21,2026-10-19,2027-06-28
1952,18.66780597173886,cost,Silver,2026-09-10,2026-12-15,2026-03-30,2027-04-05
9058,28.894851242276427,ten,Platinum,2027-03-08,2027-04-23,2026-06-27,2027-01-26
4847,27.91724493510115,tell,Silver,2026-12-08,2027-07-02,2026-06-25,2026-06-28
3156,25.11424565863343,contain,Gold,2027-07-23,2026-02-23,2026-11-15,2026-09-16
2531,10.946744125723704,owner,Silver,2026-07-01,2027-06-25,2026-05-14,2026-11-01
5432,11.461736175342415,bag,Silver,2026-05-18,2027-09-26,2027-07-11,2026-08-08
8487,7.328435441030027,detail,Gold,2027-01-30,2027-06-08,2026-10-09,2026-11-03
5069,27.468800409261394,relationship,Silver,2026-05-19,2027-04-28,2027-09-29,2026-07-03
8258,14.675243074754308,gun,Gold,2026-06-11,2027-11-17,2027-03-06,2026-11-13
7134,25.009612857650914,down,Gold,2026-10-14,2027-03-16,2027-09-27,2027-01-13
2124,27.566132685354518,network,Platinum,2027-05-25,2026-05-23,2026-10-08,2026-04-06
2549,10.301860778874781,since,Platinum,2026-11-17,2026-07-13,2027-10-15,2026-12-22
3579,18.096234170875263,owner,Silver,2027-11-05,2026-02-15,2026-04-17,2027-11-30
2798,28.648574588618658,world,Silver,2027-12-08,2026-04-14,2027-06-28,2026-04-25
3502,26.871982547376103,heavy,Silver,2026-05-18,2026-11-12,2027-03-26,2027-09-22
1949,22.919571818139605,every,Silver,2026-03-30,2026-12-31,2026-04-02,2027-10-05
9755,11.038987164614145,police,Platinum,2027-06-12,2027-04-28,2026-03-11,2027-05-07
4719,24.689680736602806,society,Silver,2026-03-08,2026-04-30,2026-06-11,2027-12-28
9276,14.920392616988943,court,Gold,2026-10-07,2026-03-21,2027-09-21,2027-08-10
7801,12.14252089092992,represent,Gold,2026-07-22,2026-02-24,2027-08-19,2027-08-04
4403,13.279573230957643,answer,Silver,2027-06-29,2027-01-02,2026-11-06,2027-11-19
2127,24.025523309787904,sing,Gold,2027-06-27,2026-12-02,2027-11-07,2026-03-02
9787,18.453263934418878,pull,Silver,2026-06-08,2027-09-02,2027-02-18,2026-11-15
8193,10.902502961005606,reflect,Gold,2026-11-14,2026-09-27,2026-09-04,2027-03-18
1440,21.849557870062092,occur,Silver,2026-11-13,2026-10-30,2026-04-10,2027-12-15
2127,17.178070952255116,buy,Platinum,2026-07-07,2027-08-13,2027-03-02,2027-10-30
3060,10.953581605501629,still,Gold,2027-03-18,2026-01-07,2027-07-20,2026-08-22
5773,11.265116052765846,fall,Gold,2026-10-25,2026-08-16,2027-09-01,2026-06-14
8218,13.606339616605002,central,Silver,2027-08-18,2027-07-07,2027-09-15,2027-12-01
9630,28.056188730621432,sort,Gold,2027-11-25,2027-06-29,2027-12-06,2026-02-05
3970,12.827767907774044,once,Silver,2026-10-24,2026-10-24,2026-03-11,2026-08-13
4118,12.159757682903187,drop,Platinum,2026-02-10,2026-04-23,2027-06-17,2027-09-18
4943,5.280616363571403,product,Gold,2026-03-30,2026-06-23,2026-08-24,2027-06-10
3594,13.190854636597896,once,Gold,2026-09-08,2026-11-22,2027-01-16,2026-04-14
4664,13.57097388530009,thousand,Silver,2027-09-23,2026-09-23,2026-10-19,2026-10-11
5593,6.919348729028697,six,Gold,2027-07-06,2027-12-11,2027-04-17,2026-03-01
3343,16.982226550891525,however,Platinum,2027-04-30,2026-12-19,2027-02-14,2027-03-16
2729,25.135418261078964,we,Platinum,2027-01-14,2026-03-08,2026-11-07,2027-06-10
1861,8.497126910488682,modern,Platinum,2027-07-13,2026-06-18,2026-10-28,2027-03-22
5884,24.84561097531168,main,Gold,2027-06-18,2026-09-26,2026-09-03,2026-04-18
5672,25.523128723789704,toward,Platinum,2027-08-27,2026-10-23,2027-08-28,2027-01-06
8048,21.946532953796066,hear,Platinum,2027-09-28,2027-02-14,2027-08-29,2027-02-25
9270,20.776604219962188,with,Silver,2027-07-23,2027-07-24,2026-04-12,2027-02-12
7014,18.125883474533115,yeah,Silver,2026-05-21,2027-02-05,2026-02-03,2026-02-19
1489,17.528429290101265,physical,Silver,2027-05-12,2027-09-22,2027-03-03,2027-05-05
6739,18.07545479584069,sell,Platinum,2027-06-25,2027-03-11,2026-11-04,2027-07-29
3865,19.72330771212338,plant,Silver,2026-05-09,2027-12-17,2026-07-22,2026-08-29
6385,25.6768071126352,Democrat,Gold,2027-01-27,2027-02-06,2027-10-01,2027-07-04
1742,14.878799765080142,expect,Silver,2026-10-27,2026-03-26,2027-01-03,2027-09-29
7992,20.956803034886114,increase,Platinum,2027-11-09,2027-12-28,2026-11-15,2027-04-22
1544,24.847760057844102,step,Gold,2027-10-11,2026-06-05,2027-07-09,2027-06-17
5740,28.561885363453865,happen,Platinum,2026-03-14,2027-07-29,2026-09-12,2027-05-02
7526,19.906452003477767,Republican,Platinum,2027-05-26,2027-08-21,2027-07-20,2027-01-09
1961,17.37179798514496,politics,Silver,2027-07-30,2026-12-10,2026-11-12,2026-04-08
1750,11.961738369330423,visit,Gold,2027-06-09,2026-10-01,2027-04-27,2027-12-10
4699,13.770801144478105,almost,Gold,2027-12-17,2026-11-21,2027-03-01,2027-07-01
7088,17.784754736902222,fish,Gold,2027-05-15,2027-03-03,2026-08-25,2026-03-05
5245,7.171656007597658,people,Silver,2026-11-02,2026-03-15,2026-03-13,2027-11-23
3475,6.784505045149093,walk,Silver,2026-05-22,2027-09-17,2027-05-12,2027-10-19
4396,15.218617861219323,fish,Gold,2026-11-03,2027-08-29,2027-11-29,2027-10-11
3333,21.033433005250544,cover,Platinum,2027-11-01,2027-06-09,2027-06-06,2027-08-11
6280,22.478532950542768,size,Gold,2026-03-19,2026-06-10,2027-11-30,2026-01-16
3006,12.1274001650767,store,Platinum,2026-12-25,2027-12-27,2027-02-02,2027-07-26
1061,14.76202056528204,teach,Silver,2027-11-15,2027-05-17,2027-11-11,2026-11-04
4580,27.83642876271023,action,Platinum,2027-03-04,2027-11-20,2026-12-30,2027-06-16
5299,8.478233013020432,executive,Gold,2026-08-13,2026-07-21,2026-01-01,2026-02-12
6175,16.558364070648047,network,Gold,2026-03-31,2027-08-23,2026-04-22,2027-04-15
9353,29.288530662971596,including,Platinum,2026-08-03,2027-04-24,2027-11-19,2026-10-11
2424,5.492022302686346,court,Gold,2026-04-20,2026-06-24,2027-04-04,2026-03-24
7295,26.093815710997195,pick,Gold,2027-11-29,2027-08-28,2027-04-18,2027-04-14
4269,22.526365310245502,answer,Gold,2027-08-31,2027-06-23,2027-06-07,2026-02-21
6258,16.952203568450138,prepare,Silver,2027-04-06,2027-07-14,2026-11-08,2027-04-23
3649,11.799416053775994,rather,Platinum,2026-01-21,2026-12-16,2026-04-28,2026-10-06
2127,6.418861455102391,that,Silver,2027-02-24,2026-12-05,2027-01-17,2027-05-10
5962,21.064039213301808,agreement,Platinum,2027-12-25,2026-12-05,2026-06-11,2026-06-26
8714,27.99714637154149,high,Silver,2026-11-22,2026-11-28,2027-09-16,2027-05-17
1946,23.765287567509763,huge,Silver,2027-03-16,2026-10-06,2026-03-06,2027-07-12
2278,15.525919348523615,carry,Platinum,2027-05-21,2026-12-02,2026-04-06,2026-12-21
4626,26.54216886126703,father,Platinum,2027-12-01,2026-09-16,2027-09-11,2026-03-03
4508,12.201471260143148,break,Silver,2026-08-03,2027-01-08,2026-03-21,2027-12-02
7974,16.91005857487673,wall,Gold,2026-07-12,2026-06-30,2027-04-13,2026-12-03
3939,16.927699837993373,store,Platinum,2026-06-09,2026-06-02,2027-01-03,2026-03-05
5891,25.74894963321568,standard,Gold,2026-10-09,2027-08-15,2027-02-06,2026-03-21
1929,21.8233978253006,item,Platinum,2026-10-12,2027-02-28,2026-12-29,2026-03-05
5209,29.6780911575792,water,Platinum,2027-02-08,2026-06-18,2027-03-30,2027-03-24
7234,15.306550537312825,race,Platinum,2026-09-24,2026-04-15,2026-01-09,2027-01-15
2293,12.334342732457234,to,Silver,2027-10-06,2026-11-14,2026-12-27,2026-04-07
9923,7.764558890231417,large,Platinum,2026-04-23,2027-09-24,2026-02-03,2026-09-04
7010,27.501726369054857,wish,Gold,2027-07-19,2027-10-31,2026-08-27,2027-07-26
5862,6.681021617063971,poor,Silver,2027-09-18,2027-07-28,2027-02-25,2026-09-18
4067,23.530966449711915,city,Platinum,2026-02-20,2026-05-06,2027-04-24,2027-06-18
8938,24.545168730847166,begin,Silver,2027-04-16,2026-11-11,2026-10-07,2026-04-28
2266,8.276111403106718,it,Gold,2027-10-26,2026-01-15,2027-03-21,2027-02-06
7616,12.692914145783048,than,Platinum,2026-03-24,2026-07-15,2027-03-08,2027-10-11
8247,11.401975652011945,color,Gold,2027-08-11,2027-12-05,2027-01-19,2026-07-19
5000,22.596125952288308,new,Platinum,2026-01-02,2027-05-10,2027-09-03,2027-07-21
7123,11.701121036355223,require,Platinum,2027-09-18,2027-02-23,2026-06-17,2026-08-10
7114,20.432560773159835,sister,Silver,2027-07-28,2026-04-19,2026-04-02,2026-03-20
5128,28.716611422341007,here,Silver,2026-09-30,2027-12-15,2027-05-01,2027-09-16
9747,10.58617092045641,full,Platinum,2026-05-23,2026-08-10,2026-09-23,2026-01-13
3531,5.560983704639454,prevent,Platinum,2027-10-26,2026-08-17,2027-09-24,2027-02-07
2312,27.8596038670542,bar,Platinum,2026-04-21,2026-10-04,2026-11-25,2026-07-16
5677,29.782713087965103,relate,Platinum,2026-08-13,2026-08-12,2027-03-06,2026-01-06
5478,16.155874346761262,wife,Platinum,2026-10-26,2027-09-27,2026-12-24,2027-04-20
7246,5.072345470508997,dark,Gold,2026-10-22,2026-04-21,2027-12-09,2027-10-09
2045,12.406402462613883,civil,Platinum,2027-05-04,2027-09-22,2027-08-07,2027-01-07
8770,22.85030908349278,interest,Silver,2027-05-05,2026-10-11,2026-12-11,2026-03-19
3568,7.879457337956981,idea,Silver,2027-04-05,2027-08-19,2026-12-03,2027-08-23
8927,25.77864971616867,other,Gold,2027-06-28,2026-12-30,2026-04-30,2027-01-14
8165,26.68876869904051,that,Gold,2026-03-29,2027-07-14,2026-10-09,2027-05-06
1512,27.627200501242694,poor,Platinum,2027-12-23,2026-12-30,2027-01-04,2027-09-08
7758,7.290917945294948,parent,Silver,2026-06-17,2026-03-27,2027-06-03,2026-03-24
6181,27.404464572279526,low,Silver,2027-10-12,2027-09-17,2027-01-30,2027-09-25
4370,25.840015775262817,third,Platinum,2026-10-09,2027-08-20,2027-03-26,2027-01-11
6436,13.634291833601287,per,Silver,2027-11-27,2026-01-29,2027-02-15,2027-10-29
5413,5.511350281106979,green,Silver,2027-03-10,2026-12-19,2027-05-21,2026-08-13
1755,7.569854591346507,example,Platinum,2027-12-17,2026-06-09,2026-02-16,2027-10-17
9895,16.94194703502887,party,Silver,2027-10-14,2027-12-22,2027-08-11,2026-06-18
9594,16.45404698945319,teach,Gold,2027-06-08,2026-11-27,2026-12-25,2027-09-07
3926,17.785534738207687,focus,Gold,2027-05-22,2026-11-15,2026-04-27,2026-10-02
3581,27.533859975950072,land,Gold,2027-06-25,2026-03-06,2026-12-03,2026-08-09
4957,9.700671530152512,free,Platinum,2026-08-10,2027-09-03,2026-02-18,2026-05-27
1220,19.54960603583492,model,Silver,2026-11-19,2027-11-19,2027-10-28,2026-12-11
7897,25.25522826025819,clear,Gold,2027-05-16,2027-12-06,2026-08-13,2026-11-06
6966,14.950646837691368,participant,Platinum,2027-10-24,2027-11-26,2027-05-11,2026-05-25
4243,5.877930794250983,current,Silver,2026-06-04,2026-08-28,2027-02-15,2027-09-24
4789,23.98926292783775,run,Silver,2026-07-27,2026-05-16,2027-07-07,2026-09-10
1112,27.526427950086713,father,Gold,2026-01-12,2026-02-25,2026-11-17,2027-01-22
2931,25.69151423678057,minute,Silver,2027-07-18,2027-07-15,2026-08-10,2026-04-15
3498,7.824045050316459,significant,Silver,2027-07-07,2026-06-06,2027-11-09,2027-01-27
9926,26.340182102920416,better,Silver,2027-01-18,2026-05-02,2027-10-03,2027-04-25
3185,27.317689158264482,information,Platinum,2027-08-22,2027-01-30,2027-02-12,2026-02-18
1456,26.488926250393504,remember,Gold,2026-12-23,2026-12-28,2026-06-23,2026-10-21
7837,14.334923519494403,listen,Platinum,2026-08-01,2027-12-02,2026-09-20,2026-09-02
2020,8.150961037884926,though,Gold,2027-02-08,2026-08-16,2027-11-13,2027-10-30
3391,16.193163104448207,Mrs,Platinum,2027-07-02,2026-07-20,2026-03-18,2027-12-16
5121,17.815807129823984,question,Platinum,2027-09-18,2026-09-04,2026-05-01,2027-09-13
7866,27.633575875437817,organization,Silver,2027-09-02,2026-06-08,2027-06-15,2027-03-09
7033,14.637826971664396,the,Silver,2026-02-13,2026-12-21,2026-08-07,2027-01-25
1583,23.369319589289578,free,Gold,2026-06-29,2027-11-05,2026-07-17,2026-09-19
5475,6.958685180477965,set,Platinum,2027-09-22,2026-01-04,2026-06-18,2026-11-12
5488,13.244178630689126,some,Platinum,2026-08-06,2027-02-20,2026-02-03,2027-11-29
7340,27.072982061514608,point,Platinum,2027-10-12,2027-09-03,2026-04-08,2027-09-28
1074,9.800134453618544,require,Platinum,2027-03-08,2026-01-04,2027-01-10,2027-06-08
6146,17.344800437484416,board,Gold,2027-02-16,2027-12-12,2027-05-03,2027-09-13
6225,19.44053021118605,box,Silver,2027-10-27,2026-07-18,2027-12-22,2027-01-03
8334,8.005756528008572,would,Platinum,2026-07-12,2027-05-23,2027-01-28,2026-03-17
7683,9.652265785270101,realize,Silver,2027-09-25,2026-11-07,2027-01-16,2026-05-06
6751,28.143722303710177,add,Gold,2026-10-18,2026-08-21,2026-01-04,2027-06-24
3419,14.565820067738912,parent,Silver,2026-07-15,2026-09-16,2027-05-19,2027-12-23
2608,12.01102513463007,whether,Platinum,2027-08-13,2027-04-27,2026-11-22,2027-06-07
3826,16.897611821034854,summer,Platinum,2026-02-06,2026-05-13,2027-02-14,2026-02-24
4000,17.248638382245577,business,Platinum,2026-10-31,2027-06-19,2027-02-13,2026-11-29
1338,9.948470117530931,consider,Platinum,2026-07-14,2027-09-25,2027-04-29,2027-05-23
5382,6.8419489057411,near,Gold,2027-05-15,2027-04-07,2027-01-02,2027-01-07
5152,28.05639809748402,American,Silver,2027-01-04,2026-02-04,2026-09-04,2027-10-25
5764,21.05949423568519,adult,Silver,2027-09-08,2026-05-19,2026-01-02,2027-03-11
9633,21.616723605913986,week,Platinum,2027-07-09,2026-12-02,2026-05-01,2027-12-10
7790,15.499097642058663,could,Gold,2026-03-25,2026-11-04,2027-12-29,2027-11-23
2197,5.5658750768371075,democratic,Platinum,2026-09-27,2027-05-14,2027-08-22,2027-11-28
3760,13.492385010949475,environmental,Platinum,2027-10-29,2027-01-13,2026-08-18,2026-03-28
4012,24.826839219601357,yet,Silver,2026-05-07,2026-10-15,2026-11-07,2027-01-31
5106,24.013089169453888,student,Gold,2026-04-20,2026-08-15,2027-07-09,2027-12-12
8907,15.43114896284635,security,Gold,2026-11-07,2026-09-18,2027-03-03,2026-07-10
6353,12.410056973215248,what,Platinum,2026-03-02,2027-07-25,2026-11-06,2027-12-10
3127,29.600071166771865,use,Silver,2026-08-16,2026-07-23,2027-12-06,2027-08-12
9364,5.777616564042677,fight,Gold,2026-11-26,2027-08-02,2027-06-20,2027-11-21
2474,28.286617251012665,first,Silver,2027-01-27,2027-12-13,2027-03-24,2027-10-08
8074,12.413249311399884,here,Platinum,2026-01-14,2026-03-29,2027-08-02,2026-09-11
6439,27.656284878379214,hope,Gold,2026-09-02,2026-12-10,2027-09-10,2026-12-16
5771,29.4376919815302,trip,Platinum,2027-01-19,2027-05-18,2026-09-05,2027-08-30
6301,17.949937088806674,front,Silver,2027-12-06,2027-08-25,2027-09-17,2027-05-18
3661,8.359225821573105,stuff,Gold,2026-07-28,2027-11-08,2026-12-03,2027-09-27
4166,5.7768692172233855,trade,Silver,2026-05-30,2027-06-07,2026-12-10,2027-11-05
3478,23.540789373435356,father,Platinum,2026-05-23,2026-07-21,2027-04-25,2026-11-13
6343,22.778125462872982,lot,Platinum,2026-06-08,2026-02-28,2027-02-26,2027-08-03
2323,8.521222715158867,key,Gold,2027-02-10,2027-08-01,2026-01-21,2026-05-13
6307,25.019142548307638,property,Gold,2026-08-23,2027-02-03,2027-01-26,2026-10-14
6124,14.995908578009999,face,Platinum,2027-09-04,2026-04-01,2027-02-01,2027-02-20
7732,13.67026586238243,reveal,Silver,2026-06-24,2026-07-07,2026-06-20,2027-04-21
6089,22.55216454478169,later,Gold,2027-08-23,2027-11-25,2026-09-23,2026-01-01
7367,6.491631096290568,score,Platinum,2027-05-01,2026-01-01,2027-11-24,2027-05-29
3835,24.057704576391508,else,Silver,2027-06-09,2026-09-24,2026-11-16,2027-08-24
5641,19.25934202191482,current,Platinum,2026-07-30,2026-07-27,2026-09-06,2027-04-02
8539,7.336194079152213,fine,Silver,2027-04-17,2027-01-02,2027-09-25,2027-12-13
7449,20.39616450790025,case,Silver,2026-08-02,2026-08-02,2027-03-03,2027-04-01
5782,28.66649137390263,organization,Platinum,2027-07-26,2027-03-13,2026-02-25,2027-04-04
4434,26.884839766146595,ask,Gold,2026-02-04,2027-10-30,2027-12-24,2026-10-26
7464,20.774319403019085,though,Silver,2027-02-01,2027-11-28,2027-02-11,2027-04-17
2575,24.662126017454916,if,Gold,2026-04-04,2027-02-22,2026-12-21,2027-12-12
2761,23.24268499611598,age,Silver,2026-10-10,2027-08-30,2026-04-02,2026-03-09
9439,28.119175760108497,spring,Gold,2027-01-30,2026-02-21,2027-01-30,2026-08-28
3983,15.373255573156703,cost,Silver,2026-10-01,2027-04-30,2026-07-30,2026-12-23
7219,25.70127508625995,none,Platinum,2027-03-18,2026-04-23,2026-05-03,2026-10-31
5693,5.637345474208873,within,Platinum,2027-11-19,2027-12-11,2027-09-10,2027-12-14
3789,8.22987915878666,from,Silver,2027-11-25,2027-12-02,2026-03-15,2026-03-21
2499,17.690319538419054,blood,Gold,2026-03-14,2026-12-30,2026-07-10,2027-08-18
2144,8.779978923696428,defense,Gold,2027-05-01,2026-07-17,2027-11-26,2026-05-10
1582,19.82473878151128,shake,Gold,2026-04-09,2027-04-11,2027-07-05,2026-08-25
8511,9.582351737905189,painting,Silver,2027-04-30,2027-03-03,2027-04-19,2026-02-18
3446,21.206329447080645,put,Platinum,2027-03-31,2027-08-30,2027-01-30,2027-06-24
6305,25.250820813538336,create,Silver,2026-05-02,2027-09-10,2026-05-31,2026-01-12
3966,28.20421031659454,force,Platinum,2027-03-29,2027-07-17,2027-10-26,2027-07-12
4413,13.060271462314184,us,Silver,2027-07-30,2027-05-28,2027-05-17,2027-10-03
8635,14.788287371158955,throughout,Platinum,2026-07-24,2027-05-08,2027-09-25,2026-08-23
4186,18.215860492595965,economic,Silver,2026-01-26,2026-05-28,2027-03-15,2027-10-15
9802,8.57487963424836,occur,Platinum,2026-09-29,2026-06-19,2026-09-20,2027-08-21
5340,13.423809302312032,country,Silver,2026-05-19,2027-09-08,2027-01-21,2027-05-01
3282,16.583854510748484,while,Gold,2026-02-27,2027-02-06,2026-01-11,2026-04-15
7473,27.78561706293701,new,Platinum,2026-01-07,2026-07-26,2027-12-02,2026-03-17
5791,19.81581321169098,compare,Gold,2026-03-30,2027-12-18,2027-05-27,2026-02-22
9189,20.877527603449714,present,Gold,2027-09-11,2027-03-20,2027-01-17,2026-05-05
8462,18.16235129687564,test,Silver,2027-01-28,2026-02-26,2027-11-10,2027-06-28
2304,15.007692987978063,necessary,Platinum,2027-07-09,2026-05-06,2026-08-25,2027-03-11
2634,8.42471776622159,public,Platinum,2026-05-24,2027-06-14,2026-02-23,2027-11-30
3646,9.551498524599287,defense,Platinum,2027-03-09,2026-10-16,2026-11-24,2027-05-14
8115,15.36026586304578,project,Gold,2027-12-14,2027-06-29,2026-04-23,2027-06-11
3393,7.046750177616732,war,Gold,2027-11-05,2026-07-18,2026-03-18,2027-09-04
8619,17.406354415097994,student,Platinum,2027-12-29,2027-11-27,2027-07-29,2027-09-12
6312,21.625026309116222,hair,Silver,2026-06-09,2027-08-10,2026-02-24,2026-04-10
4801,6.361769429768325,security,Silver,2027-08-15,2026-10-14,2026-12-21,2027-05-23
6703,22.10521573232362,value,Silver,2027-02-26,2027-11-16,2026-05-13,2026-10-31
9312,21.90310760927389,old,Silver,2027-06-13,2027-07-09,2026-02-09,2027-12-07
8244,5.113779480154038,sing,Silver,2026-10-03,2027-07-06,2026-12-15,2027-02-28
4205,16.4292161302901,throw,Silver,2027-08-14,2027-02-28,2027-12-08,2026-08-10
4794,29.539117270488735,war,Gold,2026-06-28,2027-06-18,2027-01-22,2027-10-18
9351,9.5025075530498,father,Platinum,2027-03-18,2026-02-14,2026-04-09,2027-01-09
2267,18.84226289106524,argue,Silver,2026-07-28,2026-03-31,2027-07-15,2027-09-20
8078,20.672973414694972,north,Gold,2026-10-01,2026-09-12,2027-04-05,2027-11-11
9268,18.946133656143267,page,Platinum,2026-04-23,2027-01-12,2027-07-06,2026-02-04
6652,29.418331857167335,there,Platinum,2026-12-06,2027-08-15,2026-04-27,2027-03-30
4984,17.612785819952027,pass,Platinum,2026-10-11,2026-03-22,2027-04-18,2027-02-04
1128,14.86525922356857,writer,Platinum,2026-12-02,2026-05-19,2027-04-15,2026-06-19
4948,8.917055547062933,field,Silver,2026-12-02,2026-07-31,2027-10-31,2027-01-17
2588,20.93948543237743,less,Silver,2026-12-27,2026-03-16,2027-04-08,2026-02-13
2445,28.965477383873786,this,Gold,2026-08-06,2026-12-12,2027-09-17,2027-10-04
6394,10.158211134888536,significant,Platinum,2026-04-04,2027-02-03,2027-08-07,2027-02-01
4131,15.029991476694777,bar,Gold,2026-09-26,2026-04-22,2026-10-17,2026-02-22
4069,8.194092817078594,mind,Silver,2027-05-19,2027-12-10,2027-09-09,2027-10-25
4029,24.931214940518796,clear,Gold,2026-11-06,2027-02-26,2026-01-09,2026-11-14
3610,8.996617815132295,study,Gold,2026-06-14,2027-02-06,2026-12-17,2026-07-04
6235,8.318601519167032,provide,Platinum,2026-06-24,2026-06-15,2027-12-19,2027-11-26
7739,5.140686237585563,when,Platinum,2027-10-30,2026-06-15,2026-12-12,2026-08-13
6033,28.33782311015775,modern,Gold,2026-03-08,2026-04-01,2027-09-17,2027-09-05
2824,18.085618538081384,though,Platinum,2026-03-27,2027-04-13,2027-06-22,2026-07-19
6607,16.631312142348428,condition,Gold,2026-05-07,2026-12-03,2027-05-04,2027-03-11
2578,10.745542293186118,prove,Gold,2027-04-14,2027-10-26,2026-07-29,2026-07-20
9849,12.044680937059628,article,Gold,2027-06-02,2027-04-15,2026-06-26,2026-12-27
4618,12.097255921570884,early,Gold,2027-01-01,2026-09-28,2026-12-15,2026-06-21
3197,19.831345973310608,television,Platinum,2027-03-11,2026-10-21,2026-11-27,2026-11-27
1553,17.30786890145412,record,Silver,2027-06-11,2027-12-15,2027-07-26,2026-08-18
8658,28.521248083084963,sense,Silver,2027-01-23,2026-06-22,2027-04-18,2027-01-16
5561,13.309853990630984,town,Platinum,2026-11-21,2027-05-03,2027-11-09,2026-01-21
5977,10.015660563373704,center,Silver,2027-08-30,2027-08-31,2027-12-28,2026-02-10
6119,23.339583242208317,describe,Gold,2026-09-27,2027-01-21,2026-03-09,2027-06-20
6007,12.802569695471213,much,Silver,2027-07-29,2027-02-01,2026-09-15,2026-03-09
5086,11.73741482563295,program,Silver,2027-10-30,2027-09-26,2027-02-16,2026-07-21
4373,18.02374962279794,however,Silver,2026-06-20,2026-07-07,2027-03-11,2027-02-04
2432,13.982715120501538,threat,Gold,2027-02-07,2026-07-12,2027-10-24,2027-07-24
8538,8.099050579415868,win,Platinum,2027-12-19,2026-10-20,2026-01-26,2026-09-23
2695,10.351553573361409,develop,Silver,2027-01-10,2026-04-29,2027-11-08,2026-08-28
3090,5.462287295494298,think,Silver,2027-05-25,2026-10-24,2027-05-15,2027-11-14
8154,23.216249576528565,fish,Silver,2027-07-07,2026-04-07,2027-10-18,2026-04-24
6068,24.12061731751806,none,Silver,2026-02-08,2027-06-26,2027-02-12,2027-04-12
8064,21.659552306157185,central,Platinum,2027-01-08,2026-11-06,2026-02-06,2027-01-21
4042,12.903607689628192,everybody,Silver,2026-01-21,2027-10-31,2027-04-25,2027-01-28
6059,6.442639122396141,well,Platinum,2027-10-07,2027-01-23,2027-08-31,2026-04-08
2564,25.582325139846503,different,Gold,2026-06-05,2026-12-21,2027-08-08,2026-08-05
1116,16.14204346539983,simple,Platinum,2026-08-02,2026-08-11,2027-04-05,2026-09-24
3547,21.22955263211739,note,Silver,2026-06-16,2026-10-07,2026-02-10,2027-10-09
6783,19.38084561272423,plant,Gold,2027-05-21,2027-10-10,2027-07-29,2027-08-28
6253,5.419231707280343,western,Platinum,2027-06-07,2027-09-20,2027-12-21,2026-03-15
2458,7.496001897308145,exist,Silver,2027-05-03,2026-04-01,2026-02-09,2027-03-12
4167,11.729686934824747,training,Gold,2026-08-28,2027-10-31,2026-01-26,2027-01-17
5376,18.933131221007592,social,Gold,2027-07-22,2027-04-27,2027-03-20,2027-11-23
2517,26.15287075448271,idea,Platinum,2026-04-11,2027-06-11,2027-03-29,2026-05-11
7554,27.287960388226008,buy,Silver,2027-02-10,2027-05-16,2027-08-17,2026-01-14
6709,27.614088647586723,top,Platinum,2027-08-31,2026-08-25,2027-08-25,2027-12-19
5079,16.154192491660474,accept,Platinum,2026-10-29,2026-08-06,2027-04-03,2027-01-10
5526,19.867749880237504,language,Silver,2026-10-15,2026-09-29,2027-11-30,2026-11-14
5376,27.840185155362697,expert,Gold,2027-08-09,2027-08-05,2026-04-20,2027-03-07
7620,28.36811824091205,our,Silver,2026-12-05,2027-08-04,2026-07-21,2026-02-23
8618,6.029994004641843,American,Gold,2027-11-28,2027-07-10,2027-11-24,2027-09-07
1199,13.263754995355654,population,Platinum,2026-09-16,2026-08-07,2027-01-09,2026-06-16
3212,28.18160480602635,event,Silver,2026-01-09,2026-07-30,2026-02-21,2026-10-01
2863,13.692144134979612,myself,Platinum,2026-01-25,2026-10-11,2027-12-15,2027-07-03
1542,12.440092242727566,growth,Platinum,2026-08-10,2026-01-28,2026-11-08,2026-11-18
1343,14.012871808229145,first,Gold,2026-12-12,2026-07-08,2026-10-16,2027-08-15
3397,28.271151365050617,dream,Silver,2026-12-12,2027-02-22,2026-02-26,2026-12-05
7311,26.960981770111598,near,Silver,2026-11-30,2026-04-15,2026-10-25,2027-04-03
1127,10.525998104067176,ground,Platinum,2027-08-07,2027-11-02,2026-12-13,2026-01-27
9036,21.006757860488666,positive,Platinum,2027-09-09,2026-08-05,2026-01-10,2026-07-31
2239,23.84060538865969,politics,Platinum,2027-01-22,2027-11-27,2027-09-05,2026-01-03
2162,13.857006594106306,political,Gold,2026-10-16,2027-01-18,2026-11-14,2027-10-03
3810,7.538222572735874,total,Platinum,2027-03-14,2026-10-30,2026-07-27,2027-12-01
1706,19.529058968480488,great,Silver,2026-03-07,2027-01-27,2027-04-28,2026-04-23
4049,18.76921531806793,nearly,Platinum,2027-12-04,2027-08-26,2026-05-20,2027-01-05
9369,25.71212704387237,where,Silver,2027-04-12,2027-05-05,2026-11-08,2027-08-24
8154,29.73700352003468,buy,Gold,2026-08-04,2026-11-28,2026-08-25,2026-04-15
6534,5.927634961204349,actually,Silver,2027-10-29,2027-11-03,2026-12-21,2026-09-29
3188,29.947071646547116,authority,Platinum,2027-01-21,2026-11-18,2026-10-20,2026-08-21
2263,11.45834180942921,human,Platinum,2026-06-24,2026-03-27,2026-10-24,2026-12-19
3831,5.5224819287596025,pressure,Platinum,2026-07-17,2027-11-12,2026-11-13,2027-08-26
4538,22.508076627354207,herself,Silver,2027-03-20,2026-04-11,2027-08-08,2027-08-25
7468,14.395223597250748,glass,Silver,2026-03-02,2026-12-06,2027-09-26,2026-08-28
9902,22.183825458156335,history,Gold,2026-05-12,2027-07-07,2026-08-24,2026-03-30
4497,27.12975617074123,activity,Silver,2027-05-12,2027-12-26,2026-12-22,2027-01-03
7999,25.386792259902457,physical,Silver,2027-07-28,2027-09-20,2026-10-17,2027-03-04
6658,12.468391256998824,best,Platinum,2027-04-28,2026-08-20,2027-06-14,2027-05-16
9794,14.038217720540246,organization,Platinum,2026-12-04,2027-12-07,2026-07-21,2027-01-09
5706,14.867495136125399,us,Silver,2026-03-12,2026-04-09,2027-08-01,2027-06-30
5277,17.03604424583292,year,Platinum,2027-01-02,2027-09-16,2027-03-05,2026-05-01
8255,19.228961350780843,leave,Silver,2027-03-29,2027-10-19,2026-12-02,2027-12-10
2140,18.444966331846096,lay,Platinum,2027-08-02,2026-04-04,2027-03-04,2026-08-07
4320,16.853302034794936,your,Platinum,2026-06-30,2027-05-13,2027-01-25,2027-06-28
8956,24.52121435862674,personal,Platinum,2026-03-22,2026-04-23,2026-07-14,2026-12-20
3053,16.242024411245023,statement,Gold,2026-06-06,2027-07-31,2027-10-07,2027-08-14
2869,28.8401208591678,keep,Gold,2027-08-15,2027-04-13,2027-07-06,2026-07-27
8442,8.036205273635295,beyond,Platinum,2027-07-24,2027-03-31,2027-06-08,2027-05-19
8516,14.584347170558747,bed,Gold,2027-12-17,2026-10-30,2026-10-13,2026-08-13
2153,13.189491156968124,wonder,Gold,2027-08-23,2027-08-27,2026-02-21,2026-07-03
8702,17.940194307406895,carry,Platinum,2027-03-11,2026-01-30,2026-04-17,2027-12-15
9566,14.222050379309444,remain,Silver,2027-06-28,2027-04-30,2026-06-30,2027-02-05
4339,12.056735140439645,coach,Silver,2026-09-02,2026-04-15,2026-11-13,2027-09-16
7803,14.366492696870843,fall,Silver,2027-07-02,2027-02-15,2026-09-13,2026-05-08
4366,12.649531304868779,the,Gold,2027-10-31,2026-08-22,2026-10-07,2026-09-05
5768,22.791439243335063,team,Platinum,2027-05-08,2027-05-08,2027-11-18,2027-09-17
9582,13.540811288712113,truth,Gold,2026-08-25,2026-09-09,2027-08-27,2027-04-10
1168,23.396664354522375,around,Platinum,2026-05-05,2026-11-21,2026-10-24,2027-05-20
8914,12.139511731516471,add,Platinum,2026-04-04,2027-07-10,2026-05-14,2027-10-10
5339,20.360099638110917,project,Silver,2027-04-17,2026-02-04,2026-03-13,2027-06-20
7201,17.673587543962512,cause,Gold,2026-02-17,2026-11-04,2026-11-17,2026-04-16
2413,9.081682835017078,difference,Platinum,2027-06-02,2026-03-10,2027-08-28,2026-09-05
4660,6.833170827427419,item,Platinum,2027-11-15,2027-06-18,2027-04-23,2027-04-14
8287,7.859344950595008,sense,Gold,2027-11-27,2026-02-10,2026-07-09,2027-05-03
2235,24.02676563959121,on,Platinum,2027-11-25,2027-05-14,2027-01-04,2026-11-13
5145,20.666316890754214,forget,Platinum,2026-01-07,2027-11-02,2026-10-01,2027-04-15
9599,8.871064626596727,maybe,Platinum,2026-08-09,2026-09-04,2026-12-24,2027-09-22
7016,14.114689111616608,why,Silver,2026-03-25,2026-04-05,2026-06-15,2026-07-18
4174,12.647419171673864,certainly,Platinum,2027-01-29,2026-05-24,2026-09-09,2026-02-11
8730,25.42824491929212,meeting,Silver,2027-09-19,2026-09-30,2026-09-04,2027-02-05
6187,18.010320046639173,leader,Silver,2026-08-12,2026-08-12,2027-05-14,2027-06-19
9907,14.428492842372993,realize,Platinum,2027-09-24,2026-06-14,2027-01-04,2026-12-07
6748,11.055083730240115,explain,Silver,2026-11-11,2026-03-29,2027-10-04,2027-07-07
9994,12.116824060946982,mission,Platinum,2027-06-05,2027-07-25,2027-12-01,2027-09-05
5364,13.268474089159733,Mr,Platinum,2026-10-26,2027-05-26,2027-01-24,2027-06-28
5481,10.065383252267846,soon,Platinum,2026-12-08,2027-03-31,2026-02-23,2026-12-25
8390,8.385153157351947,business,Gold,2027-08-23,2027-06-23,2027-05-22,2026-11-15
6919,11.284821014132849,three,Gold,2027-11-22,2026-08-11,2026-04-24,2027-10-12
1350,26.199065945748615,party,Gold,2027-11-29,2027-08-26,2027-04-21,2026-05-20
7068,15.089968532466045,thank,Platinum,2027-10-01,2026-03-03,2027-04-01,2026-05-14
5365,12.149127389169937,peace,Gold,2026-03-20,2027-07-25,2026-12-03,2026-03-06
6326,20.949361412022007,again,Platinum,2027-12-29,2026-07-13,2027-09-26,2027-06-19
1655,18.84529498429459,poor,Platinum,2027-07-09,2026-04-07,2026-06-29,2026-11-18
1442,9.772185278226583,agent,Gold,2027-03-06,2026-03-09,2026-04-06,2027-05-03
8138,19.13960936901214,note,Platinum,2026-04-09,2026-11-14,2027-09-03,2026-12-31
3671,9.526749572154696,name,Gold,2027-07-08,2026-05-29,2027-01-23,2027-04-21
8204,10.300930400593332,set,Gold,2027-08-06,2027-02-03,2026-01-10,2027-08-08
3292,25.484383989367753,can,Gold,2026-05-20,2026-01-11,2027-12-29,2026-01-07
4557,13.41890084315475,white,Silver,2027-07-06,2026-04-15,2027-01-09,2027-10-26
4817,17.449039531366658,energy,Platinum,2027-01-20,2027-04-17,2026-11-29,2026-07-28
5971,18.79089850352878,notice,Gold,2027-01-21,2026-04-18,2026-06-25,2026-04-26
9065,26.074163624006133,official,Platinum,2027-01-19,2027-07-28,2027-02-13,2027-01-19
3022,12.412124144088644,after,Silver,2027-06-16,2027-05-14,2026-05-15,2026-08-18
4525,29.073666730166465,energy,Gold,2026-09-02,2027-04-30,2026-05-11,2027-06-20
7854,22.602392464862216,success,Platinum,2026-01-28,2026-06-15,2027-06-30,2026-11-19
7436,26.26072962927438,television,Silver,2026-06-06,2027-05-16,2026-09-18,2026-11-16
4143,10.162307371645667,adult,Silver,2027-12-30,2027-11-09,2026-01-25,2026-02-08
2922,9.516703999761269,evidence,Platinum,2027-12-03,2026-06-05,2027-01-01,2027-05-19
7362,10.069299836573604,me,Platinum,2026-11-24,2027-02-20,2027-11-03,2026-09-30
2355,8.595026511983503,stock,Platinum,2027-12-22,2027-11-22,2026-06-23,2027-07-16
7750,15.95777950985996,force,Platinum,2027-04-24,2026-11-27,2027-06-28,2027-11-24
8935,10.559424575797564,himself,Silver,2027-01-18,2027-11-09,2026-03-01,2027-10-01
1999,16.471374723502045,way,Platinum,2027-11-29,2026-08-03,2027-01-27,2026-11-03
5517,27.17435817891906,agency,Gold,2026-09-23,2027-01-29,2027-01-02,2026-07-22
8136,24.63989408090628,yourself,Gold,2026-03-16,2026-09-18,2027-05-06,2027-09-08
6635,22.32454201650979,individual,Silver,2027-01-17,2026-03-15,2027-11-28,2027-02-28
9861,23.911727549172436,fine,Platinum,2026-01-23,2026-07-02,2027-01-22,2027-05-29
5018,19.288780787575313,black,Platinum,2027-10-30,2027-04-13,2026-11-21,2026-02-28
5418,28.123849456670794,marriage,Gold,2027-12-03,2026-05-14,2027-05-29,2026-01-22
3992,20.63727231011891,born,Gold,2026-05-13,2027-05-07,2026-04-10,2026-06-26
3031,9.249499764001616,election,Gold,2027-06-15,2026-12-03,2026-12-24,2026-08-28
8569,17.683499538312788,compare,Platinum,2026-08-30,2027-12-11,2027-06-29,2027-03-02
7280,13.42984919145397,suddenly,Platinum,2026-05-16,2027-07-15,2027-10-24,2026-09-30
2246,7.544042944169608,most,Silver,2026-12-24,2026-02-09,2026-05-08,2026-05-31
5006,16.274266265082225,possible,Silver,2026-02-04,2027-09-22,2026-07-17,2027-06-03
3332,25.516959437203074,reveal,Silver,2026-10-05,2026-02-28,2026-03-03,2026-11-10
9095,8.8197361145305,case,Gold,2026-05-08,2027-11-30,2026-08-30,2026-07-21
8992,18.98037460019188,answer,Silver,2026-11-22,2026-01-02,2027-06-25,2027-03-26
1859,27.654654988502593,must,Silver,2027-12-13,2026-06-29,2027-11-11,2026-08-11
3280,5.060335652613694,the,Platinum,2026-05-28,2026-06-05,2026-05-13,2027-09-15
3359,15.502054019199367,enter,Platinum,2026-01-09,2026-12-28,2027-06-27,2026-10-21
4588,7.0202024013759425,structure,Silver,2026-03-12,2027-03-05,2026-08-01,2026-06-06
8637,7.3170832717307634,huge,Platinum,2027-09-21,2027-03-12,2026-01-13,2026-12-08
2880,25.737263430090426,since,Gold,2026-02-04,2026-03-27,2027-03-30,2027-01-23
6721,10.563580725783439,particular,Platinum,2026-03-02,2026-12-28,2026-02-09,2026-07-07
9121,9.052886379874483,reason,Platinum,2026-02-11,2026-03-03,2026-10-08,2026-09-23
7911,9.891258646287874,most,Gold,2026-02-25,2026-06-01,2026-06-10,2027-08-18
9908,14.847764913455013,husband,Gold,2027-07-26,2026-05-17,2027-12-01,2027-10-18
5545,20.811986755383856,forget,Gold,2026-01-30,2026-07-16,2026-12-01,2027-06-22
4589,20.7944228637604,us,Platinum,2026-01-11,2026-04-30,2026-08-12,2027-07-02
7183,27.000473253593114,identify,Silver,2026-06-27,2026-03-20,2026-06-02,2027-08-05
7828,18.22654301412897,he,Platinum,2027-08-30,2026-10-25,2026-07-12,2027-03-17
1639,15.030805309330889,during,Silver,2027-11-13,2027-04-12,2026-08-17,2026-02-23
6246,15.210236786176829,employee,Gold,2027-06-10,2026-01-06,2026-05-27,2026-03-07
2995,22.87193457195386,be,Silver,2026-07-13,2027-05-10,2027-09-05,2027-06-23
7549,7.222989366525494,eye,Silver,2027-09-10,2026-04-17,2027-03-08,2027-03-10
2776,22.850013465733173,build,Gold,2026-11-30,2026-09-10,2026-03-04,2027-04-30
8597,7.834053467296507,agent,Silver,2026-01-09,2026-03-20,2026-04-21,2026-09-10
9450,11.965935266892537,draw,Platinum,2026-06-08,2027-08-19,2026-06-18,2027-04-14
2736,29.526754702079494,key,Gold,2027-08-21,2026-10-07,2027-01-30,2027-09-29
8067,25.423581140400017,save,Silver,2026-11-13,2027-05-15,2026-05-27,2027-07-13
2043,22.23490892837417,door,Gold,2026-05-26,2027-07-30,2027-02-04,2026-03-27
1305,24.38028829175008,though,Gold,2026-03-06,2027-05-08,2026-06-14,2027-10-15
5635,28.547483030718443,eight,Silver,2026-07-28,2026-02-13,2026-09-24,2026-07-13
1314,20.793125694085273,case,Gold,2027-08-05,2027-12-30,2027-03-02,2027-01-21
2182,7.926311014216623,such,Platinum,2027-03-05,2026-10-06,2026-07-26,2027-09-11
8046,20.7562674563492,in,Silver,2027-08-02,2026-06-30,2027-05-11,2027-01-03
7223,25.325360909484562,something,Platinum,2026-06-24,2027-08-09,2026-07-24,2027-12-10
2126,7.309541578008087,institution,Silver,2027-12-29,2026-01-11,2027-11-10,2027-08-30
6353,19.238493543503047,increase,Platinum,2027-03-01,2027-11-07,2026-12-19,2026-03-30
8996,22.18947244700961,west,Silver,2027-12-06,2026-12-07,2026-05-23,2026-11-29
1799,12.631094091571855,force,Gold,2026-08-08,2026-10-23,2026-08-18,2026-08-29
4290,21.95008054366739,in,Platinum,2027-12-17,2026-11-05,2027-10-02,2027-09-14
8393,17.960702857807632,sing,Gold,2026-11-08,2027-01-25,2026-09-08,2026-06-21
4710,19.742760777765263,cut,Silver,2026-12-01,2027-11-19,2026-05-20,2026-08-01
7261,8.354394610629946,other,Platinum,2026-04-16,2026-06-13,2027-10-14,2026-10-07
4934,5.520063895327624,some,Silver,2027-11-24,2026-09-19,2026-02-15,2027-11-05
2537,5.468670978481353,whole,Gold,2026-07-04,2026-08-05,2026-11-23,2026-10-02
3168,25.39767284600613,as,Platinum,2026-03-04,2026-07-20,2027-05-21,2027-10-11
7505,5.300718461957344,fire,Platinum,2027-02-18,2026-04-13,2027-11-17,2027-10-25
7388,17.505806394070728,model,Silver,2027-03-24,2027-10-04,2027-07-30,2027-09-21
9631,7.9019946627605595,reason,Platinum,2027-11-18,2026-07-20,2027-09-25,2027-05-27
1599,15.487817351836343,above,Silver,2027-03-19,2027-12-30,2026-01-07,2026-03-17
5309,14.832910420976388,look,Platinum,2026-01-29,2027-10-19,2027-07-30,2026-07-17
3899,10.574988772289839,late,Silver,2026-10-12,2027-07-31,2027-01-08,2027-05-25
2518,23.43180683576193,maintain,Platinum,2026-11-30,2027-09-08,2027-09-29,2027-12-07
9293,12.587106045638478,sit,Gold,2027-10-24,2027-07-09,2027-05-09,2027-06-26
5245,5.685820831321096,eight,Platinum,2027-03-15,2027-02-08,2027-01-31,2026-03-20
5995,21.33324666026051,suggest,Silver,2026-06-05,2027-05-20,2026-05-07,2026-03-31
7225,27.13453309472638,work,Platinum,2026-11-25,2027-03-29,2027-03-13,2027-04-08
4703,19.33902819531066,item,Silver,2026-12-13,2026-12-24,2027-09-23,2026-10-03
3286,19.250276270029087,challenge,Gold,2027-01-28,2026-08-08,2027-05-31,2026-09-15
4041,16.152601708472666,according,Gold,2027-10-02,2026-01-17,2026-05-19,2027-10-18
8240,12.032597316650808,road,Platinum,2026-10-02,2026-11-19,2027-06-08,2027-05-27
3216,20.273248034770063,form,Gold,2027-12-07,2027-09-17,2027-09-06,2027-01-20
6057,27.6336816890404,land,Gold,2026-01-03,2027-02-15,2026-08-07,2027-10-11
4420,18.071542822755966,time,Silver,2027-03-15,2026-07-05,2027-05-21,2027-07-17
4228,19.710759929612422,claim,Silver,2027-09-28,2026-01-10,2026-01-21,2027-11-03
6266,19.55334632362286,every,Platinum,2026-08-17,2026-01-04,2026-09-26,2026-02-09
2060,17.777867390464525,event,Gold,2027-09-12,2027-08-06,2026-11-09,2027-03-29
6315,21.76911675777151,raise,Silver,2026-12-29,2027-06-01,2027-01-27,2026-08-18
9524,22.79714648158525,task,Platinum,2027-12-17,2027-01-06,2027-12-14,2026-12-07
6950,13.869608193824963,south,Silver,2027-09-01,2027-07-21,2026-02-22,2026-11-14
1611,17.266396265129313,always,Silver,2027-05-13,2026-07-23,2027-04-11,2027-10-23
5393,20.41541228284085,discussion,Silver,2027-07-10,2026-01-21,2027-11-08,2026-02-09
4068,28.269918394345144,dark,Platinum,2026-05-05,2027-06-10,2026-01-09,2027-08-26
4515,5.14753056835364,understand,Gold,2026-06-07,2026-09-09,2026-02-02,2027-03-03
6357,28.663105347660192,art,Gold,2027-08-16,2026-09-26,2026-11-10,2026-05-09
9647,7.0093702660552655,smile,Platinum,2026-08-11,2026-08-29,2027-12-29,2026-10-02
4337,25.0187558491394,book,Silver,2027-06-02,2027-03-29,2027-05-07,2027-03-18
1950,18.1006583642994,college,Gold,2026-01-07,2027-02-03,2026-06-17,2026-07-16
7626,6.923887013459696,feeling,Gold,2027-02-08,2027-04-16,2027-08-14,2026-09-28
1125,9.790294944326238,wall,Silver,2026-05-10,2027-08-05,2027-05-23,2027-10-13
3887,11.351901783020919,politics,Silver,2026-11-22,2027-04-17,2026-07-27,2027-08-03
9902,17.1692949331745,occur,Gold,2026-05-25,2027-01-18,2027-01-03,2027-04-16
1448,13.307007700840426,company,Platinum,2027-12-07,2027-10-03,2027-08-04,2027-12-12
2309,29.177909422074848,some,Silver,2027-08-06,2026-10-01,2027-02-19,2027-06-06
3720,18.439034870581196,save,Silver,2026-07-25,2026-12-17,2026-03-08,2026-07-02
4172,28.554172312869664,hear,Silver,2026-05-03,2026-07-06,2026-10-07,2027-09-27
3199,21.78380840167195,smile,Gold,2026-10-03,2026-03-09,2026-02-05,2026-08-01
4607,28.254296864650808,television,Gold,2026-05-21,2027-09-08,2026-11-19,2026-11-17
6355,7.0119742247855985,late,Platinum,2026-03-30,2027-05-03,2027-04-05,2026-10-22
9700,13.488918593718317,citizen,Silver,2027-11-02,2027-03-21,2026-11-17,2027-06-20
4468,12.241173350647713,crime,Gold,2026-09-07,2026-08-02,2026-09-06,2026-11-16
2231,22.163680638923523,tough,Gold,2026-09-09,2027-08-17,2027-10-04,2026-09-15
5831,22.290837177307353,home,Platinum,2026-08-01,2026-01-03,2026-03-03,2026-05-19
5296,12.1825064730924,manage,Gold,2026-12-07,2027-07-23,2026-04-05,2027-08-18
2099,28.63881878363169,section,Silver,2027-11-21,2027-01-12,2026-10-31,2026-06-22
6298,20.969678451718874,pretty,Silver,2027-06-20,2026-10-24,2027-06-24,2027-11-04
9284,21.537457387802448,early,Silver,2027-08-12,2026-03-21,2026-04-03,2026-02-09
1799,27.835082373936096,among,Silver,2027-12-13,2027-11-01,2027-02-19,2027-02-18
4713,7.008654080871741,never,Platinum,2027-04-06,2027-01-02,2026-02-20,2026-01-14
6046,7.753617684938062,seem,Gold,2027-11-09,2027-12-11,2027-02-17,2026-08-07
3511,27.290692936773045,remain,Gold,2027-07-24,2027-07-01,2027-12-25,2027-06-26
3281,20.530531770036504,air,Gold,2026-10-08,2026-12-24,2027-11-13,2027-06-16
2332,27.34807214339122,activity,Platinum,2027-10-13,2026-12-11,2026-04-13,2026-11-06
1534,17.2076526442804,wear,Gold,2027-11-23,2026-02-12,2026-03-24,2027-09-08
2886,26.762484277131847,focus,Platinum,2027-09-20,2026-07-13,2026-12-13,2027-12-16
5336,29.798243018955606,manager,Silver,2027-02-04,2027-12-05,2026-12-13,2027-01-08
9201,16.079548321261043,team,Platinum,2026-04-27,2027-08-12,2027-06-27,2026-05-06
4343,13.946914793534411,bar,Platinum,2027-08-10,2027-05-17,2027-02-07,2026-08-16
9409,18.489524762103763,recognize,Gold,2026-06-21,2027-04-17,2026-09-29,2027-01-04
1679,20.4307794594882,reality,Platinum,2027-06-23,2026-06-19,2026-12-10,2027-06-29
2258,27.012354088824118,audience,Platinum,2026-04-28,2026-02-24,2026-02-26,2026-10-24
7651,14.861463833041592,million,Gold,2027-11-03,2027-02-23,2027-05-31,2026-12-07
9358,17.031979997533448,add,Silver,2027-03-11,2027-09-08,2027-03-28,2026-01-29
4531,16.284254111496224,grow,Silver,2026-03-07,2027-02-27,2026-11-29,2027-10-27
4794,14.148047164432654,trip,Platinum,2026-05-21,2027-03-22,2027-12-23,2027-08-26
2127,12.849197944002833,officer,Platinum,2027-03-07,2027-01-29,2027-06-24,2026-05-11
1101,14.91411188861688,argue,Silver,2027-08-09,2026-09-12,2026-03-20,2027-01-09
4337,12.316984227657656,glass,Silver,2027-11-17,2027-05-03,2027-01-15,2026-05-06
1993,9.138592061677956,find,Gold,2026-02-19,2027-02-01,2027-03-19,2026-10-13
2225,22.546612966512193,surface,Silver,2026-05-17,2027-10-04,2026-01-29,2027-03-01
4169,24.202055519784004,direction,Silver,2026-08-02,2027-01-28,2027-07-08,2027-02-26
4265,24.39558387650758,ability,Platinum,2027-01-10,2027-03-12,2026-05-09,2027-10-04
5801,5.411603021268897,power,Gold,2026-04-22,2027-07-08,2027-02-02,2027-08-14
5557,28.40699018203289,item,Platinum,2026-06-18,2027-09-27,2027-02-03,2026-08-27
3806,20.73236642090138,rock,Gold,2026-04-11,2027-09-20,2026-10-14,2027-04-14
3102,28.115479822868938,several,Platinum,2027-01-27,2027-01-11,2026-06-26,2026-11-27
7070,20.763898745976487,board,Gold,2027-04-12,2026-11-18,2027-12-19,2027-08-03
2726,17.114905629878056,even,Silver,2027-05-05,2027-07-24,2027-07-18,2027-02-24
7561,12.749473680998047,common,Gold,2026-07-06,2027-01-18,2027-12-15,2026-05-07
3822,15.46940547532596,everyone,Platinum,2027-07-20,2026-08-08,2027-05-18,2026-09-20
3777,5.048629547026657,keep,Silver,2026-02-05,2026-06-08,2027-10-28,2027-11-25
9557,27.558712339549512,safe,Platinum,2027-04-02,2027-12-20,2027-10-13,2027-05-23
2504,5.409938558376233,education,Gold,2026-12-22,2027-07-28,2027-10-04,2027-08-24
4564,23.861261795831723,mind,Silver,2026-12-11,2026-08-24,2026-06-20,2027-01-18
6362,14.892498878044234,our,Gold,2027-09-04,2027-05-22,2026-03-05,2027-09-23
6118,8.8589285344711,represent,Platinum,2026-05-24,2026-04-24,2027-06-23,2027-02-20
1646,14.559288666796222,computer,Platinum,2027-11-01,2026-02-19,2027-08-13,2027-01-01
1869,29.850028217567193,hope,Platinum,2026-12-04,2027-07-22,2026-10-22,2026-07-23
9298,25.15089286179489,type,Platinum,2026-09-25,2027-12-24,2026-10-01,2026-12-24
1587,8.275387947577048,court,Silver,2027-07-02,2026-04-14,2026-03-04,2026-01-14
6668,29.637352867156732,type,Silver,2027-03-22,2027-08-13,2027-10-03,2027-02-24
4432,29.536882994996642,respond,Silver,2026-12-28,2027-04-19,2027-01-17,2026-10-03
3332,15.130868698749417,item,Gold,2026-01-22,2026-09-28,2027-05-03,2026-03-04
7525,17.621543415624426,kid,Platinum,2026-03-27,2026-04-06,2026-12-28,2026-11-22
4763,14.254561442711335,majority,Gold,2027-11-10,2026-02-15,2027-12-08,2027-09-25
2602,5.680150583465397,cause,Silver,2027-10-30,2026-12-31,2026-04-06,2027-07-13
8131,17.401071889454677,behavior,Silver,2026-08-30,2027-08-28,2026-01-17,2026-02-07
5175,18.08340304677715,with,Silver,2026-08-17,2027-07-13,2026-10-28,2026-10-07
9286,18.231221407500303,election,Platinum,2027-10-09,2027-04-01,2027-09-21,2027-06-23
4935,12.923975070512412,just,Silver,2026-07-24,2026-05-27,2026-10-09,2027-06-06
3412,11.683800410133353,relate,Silver,2027-11-14,2027-08-05,2027-01-27,2026-08-14
4244,17.826749652369614,character,Silver,2026-08-22,2027-04-12,2027-04-13,2026-06-02
5154,11.43816717549735,somebody,Gold,2026-04-23,2026-06-20,2027-12-29,2026-05-13
5339,7.777561390665884,low,Gold,2026-03-26,2026-01-18,2026-08-16,2026-01-07
6316,23.097391816563153,day,Gold,2027-03-04,2027-08-24,2026-03-24,2026-01-06
5025,16.527707618235503,seven,Silver,2026-12-25,2027-07-13,2027-03-08,2026-12-04
7990,8.477661990759788,these,Silver,2027-04-18,2026-10-05,2026-08-07,2027-11-16
5945,29.559273475312285,ever,Silver,2026-10-15,2026-07-29,2026-12-03,2026-12-26
9201,21.4573791219929,speech,Gold,2026-08-18,2026-07-25,2026-11-27,2026-06-21
2072,27.251922978539724,choose,Platinum,2027-11-29,2027-01-20,2026-09-07,2026-05-28
7056,21.474723015139844,support,Silver,2027-03-18,2027-03-24,2026-10-06,2027-08-15
7944,23.14006633026344,thought,Silver,2027-04-14,2026-02-15,2027-08-15,2026-05-27
3481,28.019200002905176,call,Platinum,2027-10-17,2026-10-19,2027-04-06,2026-07-22
6530,12.232915795832227,really,Platinum,2027-03-14,2026-08-19,2027-05-31,2026-12-28
7944,7.662973790097039,way,Platinum,2026-05-16,2027-11-03,2026-07-07,2027-10-07
5322,15.04807728961223,try,Platinum,2026-02-22,2027-06-20,2026-10-29,2027-08-07
5531,10.826527909792445,top,Platinum,2027-05-30,2026-06-03,2026-10-05,2027-09-25
3752,21.94481586607528,stuff,Gold,2026-03-01,2026-05-08,2027-09-25,2026-03-06
7286,16.4157369769923,across,Silver,2027-03-14,2027-09-20,2026-11-13,2027-01-09
1091,7.502012386214797,civil,Gold,2026-03-09,2027-09-04,2027-10-17,2026-01-11
3664,23.724733219077095,specific,Silver,2027-07-24,2027-07-18,2027-02-12,2026-08-01
8215,20.502888759964016,my,Silver,2027-09-10,2027-01-28,2027-05-31,2027-04-10
3569,10.35431784703919,arrive,Platinum,2026-08-16,2026-10-14,2027-02-17,2026-07-22
7384,29.618516159438776,admit,Silver,2027-10-13,2026-07-18,2026-02-17,2027-11-24
7686,6.631328606546592,would,Silver,2026-04-27,2026-01-16,2027-09-24,2026-03-27
9729,12.407897678668737,arm,Gold,2026-03-28,2027-08-25,2027-09-28,2026-09-05
3896,10.521726819737253,team,Silver,2027-01-12,2026-05-23,2027-02-07,2026-12-06
4326,6.966757630042593,focus,Silver,2027-05-09,2027-10-21,2027-07-13,2026-10-31
6412,10.09817806430736,outside,Platinum,2026-02-21,2026-12-03,2026-10-06,2026-10-20
8169,9.554360984265157,together,Platinum,2026-01-27,2026-05-05,2027-11-30,2026-04-04
4731,11.983086687519926,administration,Silver,2027-10-30,2027-07-20,2027-11-18,2027-01-31
2065,25.05232245463938,weight,Gold,2026-12-10,2027-02-10,2027-07-21,2026-10-17
7065,29.437469108065425,size,Silver,2026-06-26,2026-06-19,2026-08-14,2027-05-25
7995,25.37183103598774,off,Silver,2026-01-04,2026-05-01,2026-07-20,2027-03-10
9734,7.760348555476188,quite,Gold,2026-06-17,2026-02-03,2026-11-07,2027-05-15
7634,21.756526571502757,green,Silver,2027-10-10,2027-08-28,2027-04-04,2026-12-04
4871,28.38273214508201,police,Gold,2026-10-21,2026-04-19,2026-03-26,2026-10-28
5161,13.370400362518508,ground,Silver,2026-09-01,2027-05-22,2026-01-31,2026-02-22
5107,19.051989767641977,bill,Gold,2026-11-27,2026-01-19,2027-01-04,2027-02-22
2317,27.561966184808995,include,Gold,2026-01-09,2026-07-08,2027-06-22,2027-08-14
8040,5.891138454098317,young,Gold,2026-05-02,2026-07-18,2026-09-18,2027-06-04
8831,18.95700496791908,describe,Silver,2027-09-04,2027-08-08,2027-03-15,2027-10-06
6814,15.499629804014447,car,Gold,2026-06-03,2027-10-03,2026-05-13,2027-06-09
8501,26.083802410204992,catch,Silver,2027-03-31,2026-06-01,2027-04-28,2026-11-21
4119,23.32879619480644,report,Gold,2027-06-06,2027-06-07,2026-03-31,2026-06-13
2799,24.220512931593074,now,Platinum,2027-05-21,2027-07-27,2027-12-24,2026-11-29
2150,27.727165523094435,have,Silver,2026-01-08,2026-02-02,2027-10-08,2027-06-03
6421,13.214116519434942,teach,Platinum,2026-01-22,2027-08-18,2027-10-23,2026-03-06
4730,28.330870324672738,contain,Silver,2027-04-25,2027-07-07,2027-09-15,2026-11-07
4808,21.570594033521253,recent,Gold,2026-11-18,2027-09-04,2027-12-29,2026-01-28
1373,21.579293693312934,box,Gold,2027-10-15,2027-01-15,2026-06-26,2027-03-05
8990,29.892509927440088,turn,Silver,2027-08-30,2027-02-18,2027-08-25,2027-09-10
4835,11.932881875345878,rest,Platinum,2027-09-07,2026-06-26,2027-06-12,2026-02-09
5405,11.679292884449985,cultural,Silver,2027-05-06,2026-10-16,2027-06-05,2027-05-05
4835,15.440114675154694,pressure,Platinum,2026-07-12,2026-03-21,2026-06-10,2026-06-08
2069,20.95807736348111,explain,Gold,2027-12-13,2026-08-13,2027-10-13,2026-03-13
9037,21.616662153159094,part,Silver,2027-01-22,2026-11-30,2027-02-05,2027-08-03
2457,15.408844322130806,economic,Gold,2027-10-29,2027-02-23,2026-03-15,2026-12-29
8316,26.977080414091205,during,Silver,2026-06-17,2027-01-11,2027-09-30,2026-01-02
3601,21.936560900100698,base,Gold,2027-12-05,2027-11-18,2026-08-05,2027-02-26
2446,25.7159970433036,situation,Gold,2027-01-05,2026-05-01,2027-03-28,2027-05-16
9659,26.470136413980214,every,Silver,2027-03-19,2027-07-10,2026-01-18,2027-12-25
7061,28.973989602247666,likely,Silver,2026-07-23,2026-09-17,2027-09-15,2027-11-03
5142,24.119891176731223,collection,Gold,2027-12-09,2026-06-08,2027-06-12,2027-07-17
6038,6.917353244754638,husband,Gold,2026-03-15,2027-06-07,2026-01-13,2027-10-03
9712,22.78292967161626,west,Platinum,2026-08-05,2026-05-29,2027-03-11,2027-05-27
6503,10.97300343080373,section,Platinum,2026-03-18,2026-09-27,2027-06-16,2026-09-04
8352,18.235628114465776,situation,Silver,2026-07-28,2026-11-19,2027-04-23,2026-01-18
8767,16.65331216914237,eight,Platinum,2026-05-21,2026-10-10,2027-12-27,2027-04-21
3730,8.66357425705997,central,Silver,2027-04-28,2026-06-28,2026-01-06,2027-05-10
3931,7.549888811657041,president,Platinum,2026-05-18,2027-04-27,2027-12-11,2026-11-17
2746,24.67936846089508,real,Platinum,2027-11-16,2027-01-19,2026-03-31,2026-06-13
8838,21.183643784859058,force,Silver,2026-09-23,2026-01-05,2027-10-01,2026-08-05
3107,10.732098589289674,radio,Silver,2026-09-11,2026-10-05,2026-05-06,2026-04-25
4525,9.828877080589457,note,Silver,2026-11-18,2026-05-16,2027-09-05,2027-04-26
8347,15.353615905927505,dog,Gold,2027-05-18,2026-12-01,2026-07-14,2026-04-24
2805,6.6099912656896915,middle,Silver,2027-12-05,2026-09-05,2026-05-24,2026-07-30
2180,8.540909124081113,indicate,Silver,2026-09-18,2026-08-09,2027-09-19,2027-06-06
2271,27.139805992646206,check,Gold,2026-01-17,2027-07-18,2026-02-23,2027-04-06
1270,28.504998081189868,Congress,Gold,2026-07-12,2026-09-30,2026-04-17,2027-01-01
8972,19.10755095589363,green,Platinum,2026-09-09,2026-06-03,2027-03-25,2027-12-30
4456,14.650248869002578,explain,Gold,2026-09-18,2027-05-22,2026-09-11,2026-10-07
3470,9.878568107599538,always,Platinum,2027-06-29,2026-09-14,2026-06-15,2027-02-12
9417,27.76669244993465,risk,Silver,2026-01-11,2027-07-05,2026-05-12,2027-05-05
4460,12.9836759316827,smile,Gold,2027-07-21,2026-09-10,2026-02-18,2027-03-17
6971,10.16844451110919,wait,Platinum,2026-08-28,2027-02-03,2026-11-30,2027-07-20
7694,6.942796351597603,rise,Gold,2026-12-12,2026-03-07,2027-01-26,2027-03-03
5797,17.840159502063408,the,Silver,2027-09-06,2027-08-27,2026-07-08,2026-08-09
3398,28.628147546526016,community,Platinum,2026-10-17,2027-08-05,2027-05-06,2026-01-03
7944,21.334362785074553,police,Gold,2027-01-28,2026-04-02,2027-12-13,2026-08-15
6519,21.71452605854744,area,Gold,2027-11-05,2026-12-09,2026-06-28,2027-12-30
7801,27.390124180939946,result,Platinum,2026-02-26,2027-09-17,2026-07-15,2026-12-24
9330,20.01096086801512,message,Platinum,2027-12-26,2026-03-17,2027-06-03,2026-10-13
5241,16.647725779962975,around,Gold,2027-03-10,2026-02-14,2027-01-12,2026-05-11
1970,29.103578902638922,hospital,Gold,2027-10-14,2027-06-12,2026-07-07,2027-06-06
5411,21.700883688698735,like,Silver,2027-12-11,2027-10-10,2026-07-20,2026-11-28
4403,23.186733437231307,maybe,Gold,2027-07-26,2027-04-01,2026-08-24,2027-11-02
1617,8.339201900756885,admit,Gold,2026-07-03,2026-11-14,2027-09-14,2027-05-01
9595,14.563084249709588,discussion,Platinum,2027-11-05,2026-04-22,2026-01-29,2027-12-13
2137,6.879869597393249,figure,Silver,2026-12-31,2026-07-03,2027-02-18,2027-07-28
8425,9.893254866053368,college,Platinum,2027-09-25,2026-06-25,2026-10-02,2026-10-03
2153,29.43653677054726,provide,Platinum,2027-04-15,2026-09-30,2027-05-27,2026-01-21
9284,10.482244382896154,audience,Gold,2026-07-03,2026-11-10,2026-11-01,2026-10-12
3955,24.447531030146436,choose,Gold,2027-08-07,2026-11-21,2026-01-27,2026-06-19
3011,14.748458784962914,exist,Silver,2026-06-06,2026-12-25,2027-08-17,2027-04-14
1974,29.848017158838427,scene,Silver,2026-11-06,2027-07-30,2026-09-24,2027-08-27
1154,26.47382628627171,tough,Gold,2027-12-14,2027-03-29,2027-04-08,2026-11-12
2439,26.100587950409622,dog,Platinum,2026-06-21,2027-08-06,2026-08-15,2026-08-07
9362,25.039046025670444,leg,Gold,2027-04-11,2027-08-20,2027-12-20,2026-12-08
6050,25.730726263720463,concern,Silver,2027-01-21,2027-07-12,2026-12-30,2027-06-10
5124,7.870104732108889,family,Platinum,2026-04-20,2027-03-10,2026-01-10,2026-09-07
8711,21.57811430538628,rate,Platinum,2026-04-27,2026-10-15,2026-07-17,2027-11-20
3468,16.938711973288218,clear,Platinum,2027-09-04,2027-11-22,2027-09-03,2026-01-20
9011,21.16509441289992,baby,Gold,2027-07-06,2026-08-04,2026-04-08,2027-05-18
9166,18.03077858711407,community,Platinum,2026-05-15,2026-12-17,2027-04-26,2027-12-04
4043,6.515196651100248,effect,Silver,2026-09-13,2027-12-21,2026-02-01,2027-09-27
2456,16.566595562603403,whole,Silver,2027-08-21,2027-04-10,2027-01-20,2026-12-22
7459,10.779343533923058,tree,Silver,2027-01-14,2026-02-13,2026-07-22,2026-06-03
7733,18.50247222369297,anything,Platinum,2027-06-19,2026-11-24,2027-04-07,2027-10-11
2387,8.276645431860786,account,Platinum,2026-11-15,2026-10-19,2026-05-20,2026-09-02
7204,9.797807375343163,much,Gold,2026-06-15,2026-10-05,2027-06-24,2027-12-29
5455,28.968671646472426,standard,Gold,2027-01-07,2026-06-19,2027-10-05,2027-08-03
8909,27.027238899169006,very,Silver,2027-12-08,2026-07-23,2027-02-10,2027-11-25
9664,19.335022730555167,worker,Gold,2027-10-24,2027-12-08,2027-05-15,2026-03-19
2242,26.569618294416006,difficult,Silver,2027-02-28,2027-07-10,2027-04-03,2026-11-15
8730,11.023007891371158,in,Platinum,2027-07-05,2027-11-22,2027-10-28,2026-01-26
1038,12.128268521785792,product,Platinum,2027-05-09,2027-05-27,2027-05-15,2027-10-16
8033,28.816886780561134,land,Silver,2027-07-29,2026-05-23,2027-09-23,2027-12-02
1934,23.355089542175186,rather,Gold,2026-05-16,2026-10-22,2026-05-11,2027-06-12
7202,24.203925241042274,identify,Silver,2027-12-21,2027-12-07,2026-08-18,2026-06-16
7263,26.239318314370532,person,Silver,2027-01-10,2026-04-08,2027-04-07,2026-08-03
2153,5.183397385800352,finish,Silver,2026-03-26,2026-03-08,2026-10-01,2026-01-01
3965,5.665424123290784,address,Gold,2027-12-08,2027-10-28,2026-04-16,2027-08-06
8021,23.408977795247246,his,Silver,2026-01-29,2027-09-25,2027-05-31,2026-09-18
4639,28.738382341892702,watch,Platinum,2027-04-25,2026-11-22,2026-03-31,2027-03-02
6097,10.618461892757608,head,Silver,2027-12-25,2027-07-29,2027-07-27,2027-12-19
7273,29.39818671393697,edge,Gold,2026-11-28,2027-06-18,2026-12-21,2026-02-06
6916,12.357803494974535,next,Gold,2027-05-16,2026-03-17,2027-08-10,2027-12-19
8436,27.793599262122832,civil,Silver,2026-11-01,2027-10-05,2026-11-03,2026-09-15
5651,29.989698450433366,claim,Platinum,2027-11-04,2027-08-14,2027-08-26,2027-04-02
1469,25.600239587442097,on,Silver,2027-07-09,2026-04-19,2027-06-25,2026-12-01
5537,19.96183044070305,although,Silver,2027-01-30,2026-09-10,2027-03-24,2027-10-04
1054,24.336439487299657,once,Platinum,2026-10-07,2027-10-28,2026-09-06,2026-02-06
2131,15.063212080948949,wide,Gold,2026-03-10,2027-05-05,2027-08-12,2027-06-30
9459,14.644183110450399,condition,Platinum,2027-11-13,2027-09-17,2026-11-10,2026-05-18
1353,8.541044747853558,protect,Gold,2026-10-23,2026-12-02,2026-05-02,2026-04-02
5752,8.690098752529543,past,Gold,2026-05-01,2026-08-19,2026-03-23,2026-01-23
7170,18.301904019490543,summer,Gold,2026-10-17,2026-05-29,2026-11-10,2026-07-28
3290,26.471615010419605,that,Gold,2027-11-07,2026-02-24,2026-11-17,2026-06-01
2972,26.521695463653497,it,Platinum,2026-06-11,2026-11-21,2026-10-08,2026-04-01
9049,25.97981297281093,media,Platinum,2027-02-23,2026-02-06,2026-02-04,2027-04-18
1862,28.179700199716073,nothing,Silver,2026-08-17,2026-08-19,2027-05-07,2026-09-27
4852,20.567474782076385,trouble,Silver,2027-02-16,2026-03-31,2026-10-19,2026-12-03
8667,28.64813552744117,nation,Gold,2026-04-28,2026-08-13,2026-07-15,2027-12-10
1798,6.965345297948942,exactly,Platinum,2027-05-16,2027-01-08,2027-03-21,2026-06-29
9978,16.892635289173782,push,Platinum,2027-01-23,2026-06-28,2026-01-26,2027-12-10
3309,23.231901239277633,pattern,Silver,2027-03-05,2026-01-09,2027-09-12,2026-02-10
2281,6.7271868520911005,see,Platinum,2027-05-15,2026-10-20,2027-09-01,2026-11-13
2609,21.79019040400562,quite,Silver,2026-05-05,2026-11-14,2026-03-02,2026-09-10
6955,12.11211851077348,western,Platinum,2026-09-14,2026-04-04,2027-12-10,2027-03-28
4521,6.087344098458387,successful,Silver,2026-05-23,2027-07-08,2026-09-04,2027-03-02
5149,13.172974945349463,officer,Gold,2026-07-07,2027-05-30,2026-04-16,2027-09-25
6086,16.69716483944902,response,Platinum,2026-05-25,2026-09-13,2027-09-28,2027-07-30
1264,18.388085545046142,kid,Silver,2026-12-13,2027-11-22,2027-10-06,2026-12-19
5417,22.23660457190979,machine,Gold,2027-10-01,2027-04-14,2027-11-16,2026-02-24
8912,21.15904175394172,face,Gold,2026-11-29,2026-08-08,2026-09-09,2026-04-29
7437,14.473192876709513,Mr,Gold,2027-06-04,2027-03-26,2027-01-16,2027-02-17
4884,13.036853674408913,goal,Gold,2026-08-17,2027-07-23,2027-06-03,2027-09-30
1906,18.108758425648098,involve,Silver,2026-12-04,2026-05-09,2026-06-28,2026-02-14
7056,23.064996531985475,city,Silver,2026-12-06,2027-11-19,2026-08-28,2026-08-29
4925,22.10224638645572,property,Silver,2027-03-25,2027-10-27,2026-11-10,2026-10-23
4688,27.18308927324532,involve,Platinum,2027-09-13,2027-07-01,2026-05-20,2027-12-23
5984,23.33268461855788,spend,Platinum,2027-02-11,2026-12-10,2027-01-15,2027-04-01
6772,10.74193237613611,purpose,Silver,2027-11-08,2026-04-20,2026-08-05,2026-06-30
3923,25.940970824787314,recognize,Gold,2026-03-11,2026-11-03,2026-08-02,2027-07-21
9467,13.685129597655028,radio,Platinum,2027-08-09,2027-09-11,2027-04-04,2027-03-19
4326,7.111041887832007,doctor,Silver,2027-08-20,2027-08-26,2027-02-21,2026-03-29
4548,13.727603324175412,care,Gold,2027-07-08,2027-01-22,2027-08-25,2026-04-16
9100,5.15350417558446,determine,Silver,2027-02-27,2027-12-27,2026-09-05,2026-05-22
3662,18.033765876680317,song,Gold,2026-08-24,2026-01-27,2027-01-12,2026-02-21
6113,21.224635934810845,ask,Gold,2026-09-11,2026-04-23,2027-03-14,2027-12-24
7769,19.35339464959987,area,Platinum,2026-09-14,2027-08-23,2026-03-15,2026-07-26
9543,29.64381947467343,begin,Platinum,2027-08-08,2026-08-10,2026-02-16,2026-01-28
6287,11.170381766477876,particular,Gold,2027-04-26,2026-02-22,2026-08-23,2026-11-15
7163,18.31371303025412,bad,Silver,2026-08-28,2027-05-24,2026-07-14,2026-09-07
9084,23.689434782444394,front,Gold,2027-03-15,2026-01-15,2027-09-11,2026-03-03
6418,13.712973503608257,television,Gold,2027-05-24,2026-08-06,2026-11-15,2026-11-15
3271,9.802742985028964,yeah,Gold,2027-09-30,2027-08-07,2026-01-28,2026-08-22
1600,11.7526536838101,face,Silver,2026-06-25,2026-10-29,2027-03-01,2026-12-16
2433,11.040048398984045,its,Silver,2027-10-29,2027-01-10,2026-08-06,2026-03-03
9859,5.249243264022639,big,Gold,2026-12-02,2026-06-21,2027-07-30,2026-12-30
7154,24.340430609040492,view,Silver,2026-12-12,2026-02-22,2026-01-24,2026-07-29
8591,6.560886980349357,think,Gold,2027-07-16,2027-02-09,2027-01-31,2026-11-11
9043,26.217143796237924,deal,Gold,2026-04-30,2026-05-14,2026-08-08,2026-09-02
4038,6.358405809325763,them,Platinum,2027-12-11,2026-10-09,2026-02-24,2027-12-24
9043,17.837341539476533,seek,Silver,2026-10-01,2027-11-24,2026-10-04,2027-10-05
6854,20.029668104249033,high,Silver,2026-10-19,2027-04-29,2027-10-06,2027-05-17
7343,15.676924441528987,sister,Silver,2027-01-27,2027-03-14,2026-03-03,2026-06-24
4135,12.310365886330896,weight,Gold,2027-12-28,2026-02-15,2026-02-02,2026-08-28
4366,14.601681638411627,box,Platinum,2027-06-26,2027-06-15,2027-07-28,2027-11-01
3850,15.022600857686983,too,Gold,2026-10-29,2026-02-17,2026-12-07,2026-06-26
8171,14.147176632363168,best,Gold,2027-11-03,2027-12-19,2027-12-14,2026-04-22
9644,18.965628313520167,recently,Platinum,2026-10-13,2026-10-12,2026-09-18,2027-10-15
3394,10.466228878378416,western,Gold,2026-10-31,2027-12-02,2026-11-27,2026-12-11
8961,9.081229066314492,design,Silver,2027-10-04,2026-12-11,2027-01-21,2026-12-19
8043,21.08933612752167,image,Gold,2026-05-24,2027-04-03,2026-12-10,2026-12-21
2154,5.440849438194133,important,Gold,2026-08-06,2027-11-22,2027-08-21,2026-11-15
4695,14.152079737210517,how,Gold,2026-05-31,2026-06-02,2026-03-22,2027-02-01
5164,25.45756618807304,just,Platinum,2027-05-29,2027-07-09,2026-04-10,2027-09-28
6353,24.15261405806086,black,Gold,2027-04-17,2026-12-11,2026-07-10,2027-07-10
8947,21.190658110888307,inside,Gold,2026-03-29,2026-08-07,2026-12-19,2026-02-23
8550,8.448298887529752,usually,Gold,2027-10-20,2027-07-25,2027-09-11,2027-05-18
1459,6.2288309064941965,shake,Platinum,2027-12-18,2026-10-01,2027-08-20,2027-10-04
4242,5.606310524904133,certainly,Gold,2027-11-18,2026-02-03,2027-08-09,2027-02-11
1289,10.287153780898553,where,Platinum,2027-01-15,2027-08-08,2027-06-08,2026-02-06
8289,24.03155259016539,a,Platinum,2026-06-05,2027-12-07,2027-02-05,2027-07-06
7630,17.960960363973463,thing,Platinum,2026-08-30,2027-03-02,2026-07-08,2027-07-06
3718,23.148973919995136,next,Platinum,2026-12-13,2026-12-31,2027-05-01,2027-06-01
3612,29.62618425975746,hard,Silver,2027-10-21,2026-01-05,2027-12-05,2027-02-10
4098,20.161047522310817,staff,Silver,2027-06-08,2027-03-14,2027-07-30,2027-12-28
1766,5.229019985017331,manage,Gold,2026-02-11,2027-05-20,2027-07-26,2026-02-20
3704,6.457970754942736,wife,Gold,2027-08-16,2027-01-03,2026-07-22,2027-05-12
3264,20.45494645978884,oil,Gold,2026-05-03,2027-09-03,2027-10-04,2026-09-03
2567,14.941290579100928,hotel,Silver,2027-07-14,2027-04-05,2027-10-23,2027-02-17
4252,27.022400462673673,last,Gold,2027-05-24,2027-05-15,2027-11-14,2027-09-30
2235,18.00461115079589,land,Silver,2027-01-25,2026-09-13,2027-01-31,2026-10-16
9001,17.981066922554398,discuss,Platinum,2026-02-05,2026-06-11,2027-06-19,2027-04-24
3317,27.176147960933687,go,Platinum,2026-06-27,2026-08-04,2027-03-18,2027-02-09
5841,13.408745134288989,test,Silver,2027-08-02,2026-07-26,2026-07-16,2026-06-30
2856,22.567865712285048,woman,Gold,2027-03-09,2027-02-01,2026-01-07,2027-04-19
1403,27.075614887049607,what,Platinum,2026-01-05,2026-12-07,2026-06-20,2027-09-23
9186,6.256514489424493,five,Platinum,2026-05-27,2027-06-12,2027-09-20,2027-04-16
5863,14.235999134660828,article,Platinum,2026-04-19,2026-11-22,2026-09-12,2026-11-21
8035,9.663233032390782,visit,Gold,2027-02-18,2026-07-20,2026-10-14,2026-07-24
9545,22.48295570187922,at,Platinum,2027-05-04,2027-12-07,2026-10-02,2026-09-28
7886,27.638557064291636,still,Platinum,2026-10-02,2027-07-24,2026-02-13,2027-08-22
8591,9.028403481439291,news,Platinum,2026-12-17,2027-03-25,2027-02-22,2026-02-27
1109,10.7201180346542,war,Platinum,2026-10-17,2027-02-15,2027-09-06,2027-10-26
6287,14.264999783780342,century,Platinum,2027-05-04,2026-11-12,2027-02-14,2027-12-28
7444,17.612094151102333,final,Gold,2026-01-11,2027-05-16,2027-07-14,2027-12-22
2817,26.05797344906078,strategy,Gold,2027-06-26,2026-12-15,2026-08-18,2027-12-15
1135,11.783088429316624,movement,Gold,2026-04-02,2026-09-29,2026-05-03,2026-09-08
9228,6.991233904314846,six,Silver,2027-08-05,2026-06-22,2027-04-18,2027-10-07
8519,26.62419821428405,bit,Silver,2027-05-21,2026-07-20,2026-12-26,2027-07-02
2178,23.581617588755353,value,Silver,2027-01-27,2026-04-21,2027-04-29,2026-07-13
5134,24.188538393980966,get,Gold,2026-03-27,2026-09-18,2026-03-11,2026-05-20
4935,25.690540786958913,media,Gold,2027-08-01,2027-01-14,2027-10-11,2027-06-09
2709,24.12904962212258,kid,Platinum,2026-07-21,2026-12-08,2027-09-06,2027-04-11
8282,6.605378768136054,role,Platinum,2026-01-20,2026-05-16,2027-01-26,2026-09-17
5371,14.142426568527986,serious,Silver,2026-11-27,2026-09-18,2027-11-07,2027-08-18
4199,18.051036373528085,yeah,Gold,2026-12-30,2027-09-21,2026-06-17,2026-06-24
9024,16.77149611691359,I,Gold,2027-06-17,2026-06-24,2027-07-03,2026-10-07
4970,25.760478734561723,wear,Platinum,2026-01-05,2027-03-05,2027-07-08,2026-09-03
8756,12.564714973631943,home,Gold,2027-09-11,2026-03-06,2027-03-10,2026-11-12
6947,23.161786999970822,spring,Platinum,2026-03-01,2027-01-13,2027-08-17,2027-07-11
4948,29.26521338960693,long,Gold,2027-04-14,2027-05-08,2026-01-05,2026-10-11
9631,25.929990366356737,program,Platinum,2026-06-16,2026-03-10,2026-06-12,2026-09-21
6903,22.568939121009404,staff,Gold,2026-01-04,2027-12-03,2026-06-14,2027-10-02
4117,23.684212641248994,gas,Silver,2026-09-10,2026-09-17,2027-10-01,2027-11-14
8529,25.14325177165804,window,Silver,2027-03-25,2026-02-02,2026-05-02,2026-05-08
8894,26.616453124700424,among,Platinum,2027-11-13,2026-12-25,2027-09-14,2027-05-24
6153,9.286340539846183,forward,Gold,2027-04-14,2026-11-02,2026-10-21,2027-04-04
2898,20.128711782675417,operation,Gold,2026-03-24,2026-02-02,2027-03-02,2027-10-01
3580,5.318429246766685,attorney,Gold,2026-07-27,2026-10-20,2026-12-25,2026-05-08
2447,23.245557134712186,and,Silver,2027-06-27,2027-09-07,2027-07-19,2027-12-13
5881,5.13342616250957,these,Silver,2026-09-11,2026-10-13,2026-04-22,2026-10-22
7822,24.00863598675494,church,Platinum,2027-11-30,2027-06-10,2026-03-27,2027-11-17
1553,20.88013332908202,up,Gold,2027-10-18,2027-12-25,2026-08-16,2026-04-09
4000,16.792410256344056,same,Platinum,2026-05-08,2026-03-30,2027-11-30,2026-03-30
1118,23.427553710237518,sport,Gold,2027-04-17,2026-04-09,2027-01-08,2026-11-01
9698,18.00450527003116,trip,Platinum,2027-06-25,2026-10-10,2026-06-28,2027-03-01
3938,22.711893077238443,edge,Platinum,2026-01-04,2027-08-26,2026-01-08,2026-07-17
8112,17.371653170659766,let,Gold,2027-12-16,2027-12-03,2026-06-04,2026-05-15
6795,16.872929991177475,same,Silver,2026-12-16,2026-09-05,2026-01-14,2026-07-31
4954,24.811134418548434,tree,Platinum,2026-03-28,2026-11-12,2027-01-30,2026-01-13
8945,19.993463642300306,rest,Gold,2026-05-23,2027-04-06,2026-10-05,2026-04-17
5805,17.1669139855142,when,Platinum,2026-09-03,2026-09-09,2027-05-17,2026-07-18
2797,26.405174545167025,stage,Gold,2026-10-27,2026-08-21,2027-07-03,2026-12-09
2323,12.299119358443122,yet,Gold,2027-12-02,2026-05-20,2026-04-20,2027-07-13
7920,28.987024869038244,present,Gold,2026-05-23,2026-09-01,2026-01-08,2026-04-01
4351,9.18308971109477,until,Silver,2027-10-10,2027-03-03,2027-04-09,2026-02-25
3195,5.676007491316621,soldier,Silver,2027-06-20,2027-03-24,2027-04-10,2027-06-09
9111,9.815825845545726,job,Platinum,2027-08-20,2026-10-25,2026-05-05,2026-12-28
9043,29.572962773265882,director,Silver,2027-12-25,2026-08-18,2027-03-26,2027-12-25
9695,12.68876966383926,do,Gold,2027-12-03,2027-09-30,2027-08-21,2026-07-22
9732,27.86217635444513,top,Gold,2026-06-30,2026-04-19,2026-09-07,2026-02-17
5737,6.695324055943805,government,Silver,2027-05-07,2027-11-25,2027-05-10,2026-12-27
7700,29.498953807711423,language,Silver,2027-08-19,2026-10-24,2026-01-04,2027-10-30
6554,10.5230317266919,nice,Platinum,2026-07-06,2026-12-11,2026-05-24,2026-02-03
3334,24.74182342984709,trade,Platinum,2026-04-22,2027-07-14,2027-09-19,2026-08-26
3774,24.505107381963548,power,Platinum,2027-03-22,2026-01-13,2027-05-07,2026-04-07
9212,11.46440119962508,region,Gold,2027-12-24,2027-03-20,2026-08-24,2026-02-11
1107,13.057465058776526,deal,Silver,2026-12-22,2026-01-14,2026-05-19,2026-10-23
2484,15.36994136241423,start,Gold,2026-11-08,2027-12-29,2026-08-19,2027-02-04
2914,12.428650890347097,example,Gold,2027-04-27,2027-03-03,2027-10-29,2026-10-20
4240,25.745577983510575,close,Gold,2026-06-04,2026-01-13,2027-05-01,2026-11-25
2521,28.734984124353936,floor,Silver,2027-03-16,2026-10-10,2026-07-02,2026-08-21
7697,8.89300821610311,when,Gold,2027-02-16,2027-11-03,2027-02-25,2027-11-06
8891,17.165684901218988,pattern,Gold,2026-05-14,2026-11-26,2026-10-25,2027-05-22
5696,27.016109648914405,issue,Platinum,2026-11-22,2027-09-11,2026-01-21,2027-04-18
5928,21.71874892607573,always,Silver,2027-03-30,2026-09-19,2026-08-15,2027-12-12
6163,29.8247030276286,time,Platinum,2027-12-27,2027-12-26,2026-11-26,2026-09-29
4128,29.37487875525817,manager,Platinum,2027-10-02,2026-09-11,2026-12-10,2027-04-21
7631,28.43150173561118,edge,Silver,2027-09-17,2027-12-15,2027-08-03,2026-05-10
3150,29.39391703245146,brother,Platinum,2026-02-21,2026-09-14,2026-09-19,2027-10-31
3032,13.282566281297605,onto,Platinum,2027-07-13,2026-03-25,2026-03-09,2027-07-23
9355,25.16786863919416,full,Gold,2026-08-11,2026-03-28,2026-01-17,2027-12-05
7331,20.30291647752556,model,Platinum,2026-12-25,2026-04-30,2027-06-12,2027-01-19
