stay_id,duration,location,Ticket_ID,Passenger_ID,IS_INSERTED,IS_MODIFIED
9217,8.773382131907361,Dianachester,9099,3827,2026-10-28,2026-12-16
7985,5.922693591517655,New Nicholas,4552,6527,2026-03-31,2026-03-12
1270,3.8460102184792073,New Jacqueline,7355,8095,2027-03-31,2027-10-19
8503,4.615469517981975,South Zoe,1866,9640,2027-06-13,2026-12-28
2616,3.4739808884670325,West Ashleyland,6064,2759,2026-01-11,2026-04-09
3433,2.1444022825355846,North Kevinberg,8283,2237,2026-10-31,2027-12-09
2970,1.259884364116389,Port Kimberly,6701,9294,2027-10-05,2027-03-15
8518,9.125448855174962,North Michaelfurt,6049,9645,2026-01-03,2026-07-07
2474,1.4926075445563114,North Michaelhaven,5700,8858,2027-09-24,2027-01-22
2477,4.844866339969566,Codyburgh,7685,1110,2027-03-06,2027-07-04
6203,9.126036732646865,Wrightburgh,4931,8362,2027-10-04,2026-01-07
8144,6.421294858687258,North Denisestad,6141,6662,2027-10-15,2026-09-17
5122,9.114205809060014,Stevenhaven,2266,3051,2027-02-25,2026-09-27
4637,4.646912644629138,New Stephanie,4052,8691,2027-02-16,2026-02-12
4043,8.945208040673828,Spearsmouth,4021,1247,2026-11-29,2026-11-19
3950,5.285955420324952,Michaelhaven,8559,2777,2026-06-28,2026-03-23
1660,5.454271722674813,West Logan,3716,5021,2026-08-14,2026-09-13
6841,4.3084290720384555,Lake Nathanielview,3949,2291,2026-10-22,2026-04-22
5574,6.162147043012282,Hernandezland,9869,9141,2027-08-28,2026-07-13
8820,3.835376805592997,West Casey,8320,9865,2026-09-02,2027-10-15
2392,7.641207139694989,Kempburgh,3373,5280,2026-05-20,2026-05-18
6803,9.432511580207779,Martinezside,1340,9999,2027-03-17,2027-08-23
1487,4.737937730610685,Franktown,9010,8552,2026-09-22,2027-10-14
4135,2.1262426296478467,East Nathanielland,9567,8035,2026-11-26,2027-11-28
7608,9.249735303396548,South Charles,9834,8467,2027-06-15,2026-10-24
9910,5.853540728591637,Lake Karen,5570,5101,2026-05-17,2026-02-04
8417,2.843616071949195,Vaughnfort,6460,7475,2027-12-24,2027-10-17
2796,7.438913536969519,Thomashaven,7597,1284,2026-01-06,2026-07-01
6435,1.1913055052933734,New Danielle,3744,3451,2027-01-07,2026-10-21
5253,8.96814402617515,Port David,4387,2642,2027-07-24,2026-07-05
9198,8.166355413642961,Ryanfurt,8189,6592,2026-11-10,2027-08-15
3306,1.2185698560156746,Williamton,9520,9950,2026-12-15,2027-02-15
9377,7.714974770337637,Lindseystad,2483,2264,2027-10-21,2026-09-20
8697,5.310032280874831,Lake Nicolehaven,9617,3457,2027-10-04,2027-12-17
4574,1.5966512206485322,Nancyfurt,5246,7866,2026-12-30,2027-07-25
3400,8.324931065449924,Ashleyhaven,1915,9753,2027-01-16,2027-03-09
3627,7.790243996950805,Lake Deniseville,5088,1701,2026-03-14,2027-08-17
2887,1.9237820074321792,Kerrystad,2576,6547,2027-06-27,2026-02-01
4348,2.4384573124751734,North Angelatown,1550,4853,2027-03-09,2026-05-11
2456,9.763672143731805,South Kevinchester,2835,1172,2026-11-02,2027-08-18
6074,6.964567961887175,Angelachester,8422,9418,2026-12-04,2027-06-18
1739,3.9972944341741106,New Amandafurt,6918,2358,2027-07-28,2026-02-11
3772,3.3389254234780754,Kimberlyton,7851,4122,2026-06-03,2026-07-09
7884,7.500522323789253,Kimberlymouth,1875,5978,2027-05-12,2026-05-24
6248,8.04801082256908,Marymouth,5626,9594,2027-09-03,2026-10-12
5989,7.939114393655556,North Lisa,4127,7609,2027-12-05,2026-08-25
4079,5.929986230958471,New Morganshire,2805,7136,2027-05-22,2027-07-08
7714,9.241828070225203,North Stevenfurt,3380,8074,2027-02-24,2026-03-03
9441,6.088047218651901,Port Elizabethmouth,6863,7031,2026-10-04,2026-10-24
5701,4.01708464533076,North Williamchester,6309,7532,2026-05-13,2026-06-11
7274,8.989460754890006,North Dylan,3596,3770,2026-05-12,2027-08-01
2762,9.735137003374918,North Christina,2666,2857,2026-02-06,2027-09-08
6884,4.881324135368784,Lake Daniel,3524,7952,2026-05-26,2026-08-07
7710,3.1746264406631326,East Adam,8825,2468,2027-02-25,2027-01-25
9494,9.301585977669253,North Jerome,2107,2195,2026-02-01,2027-11-10
9078,2.4050278573116493,Alyssamouth,9082,2705,2027-04-03,2027-05-17
9485,1.9064240617548922,Randystad,6291,9091,2026-07-01,2027-03-08
8673,2.184810078857965,Wuborough,7954,6546,2027-05-19,2027-09-04
9180,6.942997509716075,Lake Ashleybury,8129,5508,2027-05-26,2027-03-30
6292,2.8585753905459383,North Jorgemouth,9596,5786,2026-12-28,2027-11-30
3490,6.379735009931631,Currybury,9294,6870,2026-03-25,2026-11-07
2184,3.38232000983568,Andreaport,1120,8980,2027-05-08,2026-08-29
5008,9.697969156565668,Port Joshuastad,5578,3246,2027-12-05,2027-02-03
9017,2.5985233163837833,West Jill,8530,7942,2026-11-03,2026-07-08
2570,6.320566885082426,North Vincent,4501,9899,2026-01-16,2026-02-22
7943,3.405946936042133,Michelechester,4432,2138,2027-07-14,2027-11-13
4812,3.416891422007511,New Lindsay,3015,5601,2027-07-15,2026-12-31
9073,8.829375335550441,East Kevin,8110,5896,2026-12-12,2027-08-16
1317,5.154550482882737,North Christineborough,3304,9446,2026-12-30,2027-09-17
4252,9.67481536063036,Chavezside,9813,3658,2026-11-23,2027-06-10
9711,8.478556497098912,West Tonya,4343,4297,2026-07-28,2027-11-08
3067,6.426976633648791,East Max,9898,3161,2026-05-07,2026-04-30
5905,8.79606639529359,Kentfurt,4683,5518,2026-10-20,2026-10-05
9371,7.162646832691603,Cynthiaton,6186,7814,2027-02-08,2026-03-11
3955,4.111038863282959,Dylanmouth,1682,8738,2027-11-16,2027-12-28
4307,8.698744741431199,Scottville,8671,2669,2026-06-18,2026-06-16
8381,1.4625213288178582,Port Bruce,7613,3308,2026-03-13,2027-11-19
4694,6.481954550305054,Jackmouth,8432,2878,2026-10-28,2026-04-04
8804,5.989790680390594,Brownmouth,3334,4714,2026-10-14,2027-05-21
3096,9.335422385326726,West Omarburgh,4539,3526,2027-11-19,2027-06-29
1142,6.697640246682824,Lake Jane,4661,5646,2026-04-22,2027-05-08
4450,8.729135682863415,Mortonton,2990,9297,2026-08-21,2027-08-25
7702,8.661741213819104,Port Annatown,1208,8642,2027-07-02,2026-11-04
3680,6.0248695847028175,North Carriechester,3071,6820,2027-12-20,2027-07-19
3253,5.449637824346787,Rothhaven,2849,9697,2026-08-11,2026-07-10
6222,4.900752564101421,Evansview,6887,9240,2026-06-21,2026-11-26
5447,3.0229574017547334,North Robertberg,1971,6788,2026-04-19,2026-01-17
6666,9.460288083947253,West Christopherton,5147,2918,2026-07-01,2026-08-07
6903,2.5383412503627523,West Andrewhaven,2613,3105,2027-12-23,2027-03-11
8936,3.7612740998479532,Duffyton,9934,9005,2027-02-14,2027-11-12
1869,6.313476660057913,Cruzmouth,7454,2024,2026-07-23,2027-07-07
9943,5.383472975076003,New Michelleton,6625,4370,2026-07-08,2027-01-17
3034,5.344992968487273,Ballardhaven,5311,3991,2027-12-01,2026-06-07
9614,6.330562142173938,North Deniseside,5620,7365,2026-08-20,2026-11-23
1498,8.646897570488068,West Grantton,5975,3837,2027-02-18,2027-03-15
2236,8.542241376376671,Port Gregory,3123,4124,2027-10-17,2027-05-16
7586,8.537336959592661,New Melissa,4149,8936,2026-02-23,2027-12-19
1250,4.373927097816792,Millerberg,4583,6591,2026-05-21,2027-04-27
1411,4.162952300143978,North Zachary,1458,8217,2026-06-16,2027-10-19
6568,6.20562993038871,Pamberg,7908,6721,2026-10-05,2026-03-27
9587,6.063517143902075,East Deannabury,2032,8975,2027-06-19,2027-12-20
1221,8.021439612029617,South Pamelaburgh,2449,9860,2026-07-24,2027-07-04
4789,5.018809756810359,North Jennifer,7035,7386,2026-10-17,2026-12-23
9341,5.171882409042065,East Pamelashire,3579,8287,2027-01-22,2026-10-13
7222,1.3911110826487079,New Lawrence,4268,4057,2027-12-09,2027-02-02
1372,9.323225422142137,West Jessica,4342,8275,2027-04-17,2027-12-20
1868,9.310941235218271,Lake Alexis,1110,4739,2027-12-20,2027-01-26
3964,3.0631471583179852,Lake Alexis,3213,3612,2026-01-28,2026-04-04
9076,8.290155964814783,South Lee,9302,6129,2027-02-24,2027-12-23
2668,4.168960171916164,East Michael,6679,6737,2026-09-11,2027-03-16
1682,5.636867508847668,Fuentesland,5604,4891,2027-11-10,2026-12-05
5061,3.2011405012333656,Rosefurt,4151,7514,2027-01-29,2026-03-07
9591,8.058151240946776,Collinsmouth,2128,2398,2026-03-30,2027-01-21
3442,3.5036092851658918,Garciabury,8275,2041,2026-12-29,2027-02-06
1662,8.840362329405894,North Wayneland,6120,9666,2026-06-24,2027-03-25
8829,6.855324427511932,Port Sabrinamouth,7214,1341,2027-03-20,2027-11-02
9068,7.088608157326884,Christianfurt,4593,7464,2027-03-19,2026-09-04
2659,6.8316878792065765,Bowersstad,4471,4978,2026-11-18,2027-01-10
5147,5.241970946876044,New Daniel,6098,9504,2027-07-05,2026-06-21
3301,2.537030681077104,Tiffanytown,5786,4200,2026-02-06,2027-08-16
5722,4.919582649471303,West Paigeland,8113,8534,2026-08-04,2027-10-11
6803,8.340248164433017,Bryanton,9351,2746,2026-11-11,2027-04-17
7887,6.417843414665273,Smithshire,9042,2437,2027-05-13,2026-04-09
9277,7.111648511401749,Meyersberg,8195,7578,2027-05-23,2026-04-25
5635,3.2855599420985397,Reedchester,8438,1719,2027-02-05,2027-02-13
5188,4.17189395397362,Stewartside,6976,4990,2026-03-22,2026-05-31
6097,8.79173742061963,Port Elizabethfort,1230,5123,2026-04-05,2027-01-15
8428,2.8490629105083745,South Susan,8706,5326,2027-01-14,2026-06-21
2854,3.990890063824748,Grahamhaven,5766,9176,2027-03-23,2026-06-09
8664,1.6156240517461797,Parkerton,7274,7853,2026-07-26,2027-06-15
2242,1.048450159807271,North Marcusburgh,5378,5973,2027-08-28,2026-04-24
1005,2.9548722821292595,Lindseyfurt,8604,1979,2027-06-07,2026-05-10
5503,2.3905582852960863,South Bradleyton,9443,2810,2027-08-01,2026-04-07
4971,7.559501658826226,South John,1423,1262,2026-08-18,2026-02-26
3752,3.358903552840309,Shannonfurt,6054,4021,2026-02-23,2027-01-05
3979,3.770318370180754,South Allisonport,8110,3182,2027-09-12,2026-02-12
7698,2.9253892586768826,Michaelhaven,4924,6440,2027-04-09,2026-10-08
6858,6.0910756628081,New Erica,2322,7094,2027-06-03,2026-11-19
6577,9.807372610263343,West Rachelfort,7747,6925,2026-01-15,2027-03-12
5324,9.294163738949512,North Mark,1747,6756,2026-05-07,2027-09-24
8492,5.093865188173175,East Sarachester,7677,5035,2027-05-19,2027-03-05
3567,1.5779189264192417,West Bettyburgh,8346,8734,2026-07-16,2027-04-27
2805,2.5500856970968324,East Kaylafort,4684,8021,2026-05-12,2026-09-19
5362,4.048370269539159,West Michael,3811,7161,2026-07-27,2026-04-24
4883,6.875597267919563,South Benjamin,6503,2251,2027-01-21,2026-08-31
8389,3.3670878420052057,Lake Clayton,3631,7780,2026-03-07,2027-09-07
6926,4.803687355186528,West Christinefort,7229,8401,2027-12-12,2026-12-25
8885,9.196399760661224,Russellport,9728,5545,2027-03-18,2027-02-04
7404,9.320298971865437,Lake Amanda,7271,2123,2027-10-20,2027-01-23
9849,3.3094696509092327,North Jacob,9000,3525,2027-09-22,2026-04-19
3865,9.481042350094363,East Megan,7849,9686,2027-08-28,2026-05-10
4713,5.245630497375794,West William,6308,2148,2026-12-21,2026-05-31
1081,3.892021974196147,New Jenniferland,2181,9478,2026-01-31,2027-11-05
8207,3.9225129038556212,South April,3999,3817,2026-05-30,2027-11-26
8619,7.8250860031676,Anthonyfort,3978,1330,2027-09-09,2026-05-16
5357,8.22777150695881,Daniellebury,9112,8993,2027-10-16,2027-02-02
6229,8.715263947594483,South Davidberg,8089,2726,2026-06-03,2027-07-24
6723,7.610111364995474,South Nicholas,8815,3226,2026-06-26,2027-07-28
2561,4.430717079852476,Claireside,1679,6814,2027-11-17,2026-10-13
4852,2.8473709066337642,Port Crystal,7387,6920,2026-02-23,2027-03-15
5843,4.927011201030798,South Jonfort,9986,3303,2026-05-26,2027-01-27
3825,6.147050833519926,Danielleview,7261,3899,2027-08-16,2026-05-28
2989,3.043253166433214,West Lisa,3802,3640,2027-01-30,2026-06-28
3690,6.972477426399154,Port Adam,9405,3926,2027-04-15,2027-05-31
8405,2.5681228867524712,Hernandezside,8773,1787,2027-01-05,2026-10-12
3419,7.848837253731814,Reynoldsmouth,7953,1883,2027-03-01,2026-09-07
9715,9.467403932135873,Claytonborough,1108,7990,2027-09-16,2026-01-14
5743,1.697513999844231,New James,8467,1153,2027-11-29,2027-11-24
5513,2.613720506535291,West Nancy,3845,6828,2026-04-07,2027-01-03
1696,7.4884158712029025,North Jenniferfort,2328,6205,2026-05-07,2027-12-09
5849,4.461776821370405,East Michelle,9314,9048,2026-07-24,2027-10-04
7408,3.5684828218376725,East Paulburgh,8137,2592,2026-01-22,2026-01-06
5687,9.598865185404131,East Melanie,8420,1668,2027-08-27,2026-05-01
2357,1.4596863357742371,Crawfordstad,9716,2858,2027-04-07,2026-01-26
4134,8.116536032550522,Armstrongshire,1921,4080,2026-09-29,2027-04-17
4363,8.824552165383883,Jessicaville,2349,9363,2026-01-10,2027-06-29
7901,4.936326261654042,Marybury,6415,3878,2026-11-27,2026-02-23
1521,7.433144258624189,Vanessashire,6194,4669,2027-11-27,2026-05-11
9101,8.44241487720846,Port Johnstad,3661,7561,2026-10-06,2027-01-01
4808,7.561782653270189,Williamsland,9609,1301,2026-11-02,2027-11-24
3024,5.934366829277146,Port Lauraland,5354,8508,2026-09-15,2026-05-26
6163,7.270366338873168,New Stephenfort,5662,6246,2027-08-21,2027-07-28
5262,6.262975840170817,Jeffreyburgh,4109,8814,2027-01-21,2027-01-02
9733,1.036336308927031,Johnsonport,6771,3292,2026-11-28,2026-04-12
3696,2.8680674312969647,Jasonburgh,9952,1923,2027-08-19,2027-12-24
7080,6.434378733870095,Port Cassandraview,5315,4125,2026-09-05,2027-08-17
2224,9.309668846404142,New Annetteside,5344,1034,2026-12-07,2027-05-03
2269,3.9839508561879735,Jasonland,5574,7507,2027-11-14,2027-06-07
5127,8.467586432989076,Haroldhaven,4090,5680,2026-10-19,2026-07-26
8595,1.5290774466932529,Barbarahaven,3205,6537,2027-02-11,2026-02-28
4970,7.902952170699285,North Jenna,3356,5662,2027-12-29,2026-05-21
6044,8.670344496026198,East Jenniferburgh,9491,4848,2027-06-04,2026-01-02
1768,5.692481641714957,North Joshua,7772,8377,2026-06-23,2026-06-03
9487,2.253580528315955,Flynnhaven,2942,2214,2026-09-18,2026-12-05
2198,4.842519680742821,Pooleport,5828,1804,2027-12-02,2026-02-20
2603,9.74404616057698,Joyceside,2488,1673,2026-03-28,2026-01-11
3740,3.966459378321005,Robertside,4355,8931,2026-07-26,2027-10-24
5156,5.037306473741834,Silvaburgh,3947,1843,2026-11-03,2027-04-27
2786,9.53373063486795,North Justin,4031,3070,2027-09-05,2026-09-08
9453,5.0086241855278075,Howeburgh,3602,8925,2026-12-03,2027-07-07
1343,1.1116177552277628,Savageside,9803,1173,2026-06-07,2027-05-07
9201,8.479601036681043,Port Rachelmouth,6174,3111,2027-03-09,2027-06-15
4958,1.1052556692385427,Hughesport,9902,5152,2027-06-03,2026-11-28
7733,4.469720864101236,Mooremouth,1837,1342,2027-11-21,2026-07-13
1987,6.477547342634894,Port Alicia,1947,6906,2027-08-01,2027-11-14
2938,4.939497936026436,New James,4965,6727,2026-01-23,2026-09-10
5782,6.485903540664729,Michaelview,4581,5018,2026-03-18,2026-11-21
5653,8.639563645782868,Michelechester,7745,2168,2026-07-15,2026-10-03
4559,4.927586484192682,Solismouth,2442,5426,2026-12-07,2027-04-10
4070,7.367788421256764,Watsonville,2921,7826,2027-02-03,2026-11-17
9658,1.5067184445240143,Garrisonland,5817,6687,2027-02-04,2027-10-31
1758,7.729990470528976,Scottside,2484,1816,2026-10-20,2027-09-25
1550,8.627368698168011,West Frederick,7504,7280,2027-01-30,2026-05-30
1263,2.2205782677287833,Leslietown,9480,8977,2026-08-18,2026-08-09
8754,7.38977487761762,Gabrielfurt,2931,4462,2026-12-20,2027-06-30
3637,3.9704136965252754,North Christine,6026,6928,2027-04-06,2027-01-30
6854,8.46809147914461,North Carol,6084,2657,2026-07-14,2027-10-29
6406,4.057315180964894,Steinburgh,2817,8114,2026-05-16,2027-03-15
9327,7.534365734129947,Lake Paigefort,8751,8040,2027-09-03,2026-11-20
7122,6.01026581616448,Andreaville,4088,7943,2026-04-19,2027-08-08
5576,2.0965498285134228,Port Rachel,7918,9467,2027-07-15,2026-03-22
3064,1.2029959644178296,Collinstown,7342,3241,2026-10-08,2026-01-18
2167,4.630665084818,Lake Stacey,3457,6400,2027-12-27,2027-04-13
8572,4.7182006525034,East Robert,4629,6166,2026-04-05,2026-03-26
4762,2.7856243324997654,West Pamela,5546,7718,2026-03-14,2027-03-27
1236,5.031306442598255,Patrickmouth,3090,3271,2026-10-13,2026-10-23
3762,9.223864224041929,Perezland,6102,4097,2027-12-21,2027-11-14
9073,6.20214267645569,South Matthew,3900,8701,2027-12-11,2027-06-09
9622,6.73713277128565,New Williamland,6154,2116,2026-12-10,2026-06-19
7730,3.9610729017719946,New Jessica,7173,6806,2027-01-18,2026-05-24
7688,4.316767410983941,Sarahport,4105,1875,2027-08-20,2027-08-13
4837,2.7185231574676676,Nicolestad,8571,7728,2027-07-01,2026-06-10
5073,2.882083753016021,North Bryan,5296,4680,2027-04-04,2026-11-30
7424,3.4649494460052175,Port Aaronville,1932,2651,2026-05-08,2027-08-26
8124,6.681103641057362,East Kristen,1350,6489,2026-08-08,2026-07-03
1332,3.723179500266024,Douglasfort,1562,1822,2026-03-22,2026-08-12
5052,4.281672975273931,Caseyberg,1441,6371,2027-07-25,2026-12-10
7644,7.050152630554167,Ellisonbury,3112,4763,2027-06-17,2027-08-05
9574,6.1172742604536126,West Dawnview,8249,1574,2027-03-01,2026-10-29
4669,3.0042100365098445,Chaneyville,3035,5159,2027-03-05,2027-11-25
2079,7.2169557909536035,Stoutville,5749,8540,2026-06-22,2026-11-14
7498,2.42749920465653,West Matthewburgh,3564,4666,2026-03-11,2027-05-02
8715,6.233979730435449,Christophertown,6115,4386,2026-02-24,2027-02-14
8892,4.333052169678744,South Paige,6600,9798,2026-11-17,2026-02-04
5577,6.241575897548728,South Joseph,3699,6119,2027-12-03,2027-05-12
3824,7.5267342139945095,Cheyenneborough,7160,3083,2026-05-16,2027-01-27
3232,8.632975665732989,Kaitlynchester,4507,8623,2027-04-02,2027-05-03
3015,5.348546137807389,Clarkshire,2358,5249,2027-07-22,2027-11-05
2747,5.068240962074894,West Johnland,1511,6622,2026-12-07,2026-05-01
7019,5.168392653800292,New Antonio,3839,8780,2026-08-22,2026-08-01
3492,8.08530851478039,Millershire,6305,3381,2027-08-28,2026-05-29
5405,6.502652187663286,Johnton,9941,3237,2026-11-09,2026-10-15
9832,9.070015492316266,South Shawn,7351,2653,2026-04-13,2026-05-15
6962,8.171700976790154,East Janiceborough,2702,1441,2026-12-05,2027-11-29
5654,2.3431208634021417,North Margaret,4949,5458,2027-10-21,2026-04-21
3343,2.1258957191274437,East Michaelburgh,1251,9647,2027-10-07,2027-03-16
4642,9.107052903979808,West Kathleen,9795,9251,2027-06-13,2027-11-07
8126,7.3364176520857605,Beckyborough,7874,3301,2027-04-15,2027-02-08
1630,6.498097697817643,South Gregoryview,3728,8770,2027-01-14,2026-06-22
2097,1.5808742211564777,Zacharyville,8152,4024,2027-05-18,2026-09-14
4569,4.060690847240988,Downsberg,3494,4784,2026-02-24,2026-09-17
6357,9.175543876237537,Craigmouth,6679,3270,2026-11-07,2027-06-01
6409,2.977947640977822,West Arthur,6516,8222,2027-08-30,2026-11-02
5109,3.2964782826936587,Mendozamouth,1183,3050,2026-01-12,2027-03-16
8931,5.960000446828962,Vanessafurt,6062,2916,2026-06-09,2027-12-26
3332,7.047555165930139,South Nicolasville,3770,3023,2026-04-22,2027-05-11
8498,7.688391683752929,Teresaton,9697,9188,2027-12-06,2026-12-04
4579,8.099957777720991,Lake John,6843,6511,2026-01-11,2027-08-03
4772,8.049167338762057,North Danielport,8179,8777,2026-11-01,2026-12-20
5129,8.02925463046208,Griffinhaven,9465,9782,2026-06-08,2026-08-09
9342,1.9744589078089014,Lake Davidbury,6689,5484,2027-11-08,2026-03-24
2505,3.049439639426127,Tinatown,4577,2162,2027-07-23,2026-08-18
9683,4.801896359754945,Joneston,4171,2153,2026-09-25,2026-02-14
6713,1.9278793187180976,North Kevinmouth,6323,6037,2027-01-16,2027-08-25
3058,5.005694447716088,South Gwendolynstad,8185,5229,2026-02-03,2026-07-19
4866,1.6818240094787624,East David,9385,1666,2027-11-20,2027-07-13
8189,1.6039165330199054,Lake Chris,3851,6073,2027-02-04,2026-11-21
8591,8.592687663137928,Gibsonfurt,4830,6928,2027-07-07,2026-08-23
4214,7.328941874184739,Alvarezmouth,7952,2542,2026-10-15,2026-09-02
6234,3.2141916207715053,Burgessside,7594,6805,2027-01-15,2027-10-23
4346,5.068702770279068,Port Kayla,3580,6410,2027-10-15,2026-12-23
1103,4.018985916339753,Harrisonside,5082,7219,2026-05-23,2027-07-20
4398,9.475573864408778,Scotttown,7865,7114,2026-07-16,2026-03-20
1743,4.141880145867508,Port David,8215,5411,2027-01-11,2026-05-24
2408,3.493332537421641,North Lauraburgh,7990,6610,2027-01-31,2026-09-25
9027,7.469574682986826,Tylerton,6341,7697,2026-04-27,2027-10-30
9204,7.777567163045092,South Tiffany,1797,4230,2026-03-16,2026-02-20
1404,8.277076610428589,Ashleyburgh,4496,5603,2026-08-06,2027-08-23
2304,1.1844744228972988,Andrewborough,2746,9818,2026-04-09,2027-08-14
1064,4.491317672206262,North Renee,3800,4145,2026-09-26,2026-05-27
7796,6.790462279436131,Jasonborough,5134,5780,2026-10-05,2026-08-26
9392,1.3862354020452003,Lake Craigside,5940,9136,2026-09-17,2026-04-21
6657,3.8937283192288845,Blanchardfurt,5300,1370,2027-02-28,2027-02-16
6073,4.06346038208429,Andersenmouth,3310,5909,2026-11-12,2026-01-03
5950,6.640149419103367,West Lisa,1670,9863,2027-03-30,2027-10-12
8059,9.43783231483928,Kellymouth,3508,1828,2027-12-08,2027-05-27
7425,8.714755556352493,West Jessica,3194,6837,2027-06-22,2026-12-02
5870,8.384561115020334,Larryport,6526,6095,2027-06-16,2027-04-07
5666,7.968311796190334,Zamoraland,3521,6344,2027-10-01,2027-11-30
4218,4.3528127206112845,Mcbridestad,5402,9739,2027-02-11,2026-02-17
6756,9.491266515419039,Allisonland,2689,3517,2027-11-05,2026-09-28
2961,4.662555613599926,East Mistyville,1379,7855,2027-02-01,2027-04-17
1688,7.163035161028496,Lake Jessica,2409,6167,2027-03-09,2026-09-17
9567,5.758983944876797,Smithland,8962,5295,2026-01-01,2026-03-25
4942,4.26875090348799,Monicaton,5606,7296,2026-08-16,2026-07-31
7869,7.153277756440232,Martinmouth,1936,2817,2026-04-11,2027-08-01
7640,8.429903980840624,Spencerton,2049,5357,2027-01-03,2027-10-10
1048,1.6676386854274805,Billyfort,3071,7751,2027-03-13,2026-06-26
4312,1.7947395725932878,South Thomas,8934,9697,2026-11-18,2027-11-02
5572,3.31559037079069,Rebeccaport,3038,5025,2026-03-13,2026-12-29
6345,9.797817571341298,Diazborough,3698,4225,2027-05-01,2026-08-22
3246,7.217782500306891,Lake Nicholasshire,4866,5913,2026-12-28,2026-08-29
3123,3.3258623481339376,Hilltown,7390,6916,2027-09-24,2027-07-15
7261,4.46470145356736,Schmidtville,6243,9355,2026-06-10,2026-11-02
8212,6.4764987327882455,Batesside,5395,1170,2027-05-11,2026-05-03
4761,4.355987505538057,Thorntonshire,3566,3903,2026-11-07,2027-03-03
1403,2.687008543285271,East Craig,1346,4564,2026-06-07,2026-12-18
3238,8.174494160201393,Jacksonfurt,8239,2145,2027-04-17,2026-07-26
1729,8.566341156912497,Erinhaven,4425,7056,2027-05-24,2026-10-26
1813,8.120263307738671,Elainetown,6908,5021,2027-05-11,2026-07-09
7820,4.383638509180898,North Jeffreyshire,6027,7748,2026-09-25,2026-01-18
1385,4.36184645989796,North Bernardmouth,4397,6064,2026-04-29,2027-06-02
9763,4.346050462635652,Richardview,8794,2089,2026-04-14,2026-03-08
7461,7.414966450625797,Theresaview,5638,8233,2026-01-12,2026-01-29
9089,6.888279078322243,Ramirezfort,3693,7032,2026-07-22,2026-03-22
9671,3.6582166097357143,West Janiceville,1224,5012,2027-06-07,2027-07-19
6628,7.277714744742015,New Danielport,5341,9780,2026-02-23,2027-11-27
7494,9.22155200473713,Gregorymouth,8249,1690,2027-10-02,2027-07-27
9644,8.200513768644,New Monicamouth,7674,6802,2027-02-21,2027-05-19
6563,7.512158998993408,South Joseph,9980,1062,2026-07-18,2027-06-20
5614,5.693058320542998,North Annaberg,5271,9604,2027-08-20,2026-05-06
2198,3.2532525072831415,Stewartland,8785,1486,2026-09-25,2026-02-08
5064,9.919188354743525,South Joshua,7799,6176,2026-12-18,2026-04-05
9115,6.269517853490266,Juliahaven,5209,2383,2027-10-29,2026-12-11
3035,5.972623672917003,Lake Brianborough,4321,7587,2027-01-02,2026-09-25
5857,3.8724009468495826,Lake Carlos,1676,4786,2026-10-28,2027-09-06
5739,1.4757567535335796,Phelpsport,4058,9863,2026-09-06,2026-05-14
3535,3.837492137120068,Priceville,5476,6608,2027-08-21,2027-10-28
2197,6.6828919051974705,South Josephmouth,1672,4045,2027-10-12,2027-03-18
2566,9.092711966403108,Port Robert,8662,1219,2026-04-24,2027-01-23
9897,2.4923921039545363,Kevintown,1875,5076,2027-03-31,2027-01-19
3608,2.1394074213894996,South Brianna,3962,3733,2026-02-01,2027-08-15
8534,4.629259309734387,Brentfurt,2628,5671,2026-08-19,2027-03-12
6676,4.6301681216327415,Yvonneborough,8966,8325,2027-01-16,2026-11-20
3672,7.953813849568656,Pottsport,9157,4683,2027-01-17,2026-05-10
2195,7.454437182234349,North Amytown,9523,6116,2027-02-08,2026-09-05
4808,8.236520336674394,Marshallmouth,9904,1394,2027-12-13,2027-06-04
3200,9.148867606967304,Jessicaborough,7916,9590,2026-05-11,2026-04-08
1358,3.4324925927645586,Melanieshire,5410,2532,2026-07-28,2026-01-06
4451,1.4533998245101931,Rachelborough,2797,1541,2027-07-08,2027-05-05
7155,2.4347070045700283,Riveraton,3177,1093,2026-07-11,2026-07-04
8104,8.159619407089068,Melissafort,1420,5658,2026-06-13,2027-03-18
2794,7.370906577011198,South Jacqueline,6120,6583,2026-03-21,2026-09-12
7868,4.843205833271854,Williamsview,5479,4689,2027-09-27,2026-06-03
5945,4.660288722084693,Rhodesborough,6282,6305,2026-03-02,2027-06-30
9786,8.554615917758479,South Thomas,4560,6909,2026-05-24,2026-07-11
8595,1.9554644866750488,New Timothy,2952,2444,2026-09-18,2026-01-06
7247,1.2165796017407695,East Stephanieville,8096,6190,2026-11-08,2026-01-21
2667,7.073462117059338,West Anthony,5275,3901,2026-12-23,2026-07-30
8856,5.399097249638806,Rachelton,3027,4775,2026-11-09,2027-09-12
8388,5.120312146225675,Matthewfurt,1111,6103,2026-01-27,2027-12-30
5425,1.362563382807536,Port Kimberlyburgh,5029,7254,2026-07-08,2026-08-03
7967,4.954343071339247,Thomasbury,5164,5633,2027-11-21,2026-10-09
9917,1.9151070913598491,South Timothy,7827,3063,2026-01-11,2027-12-10
2037,9.084414433863271,Hernandezburgh,3882,5478,2027-07-01,2026-04-25
6658,5.311725086250561,Simmonsstad,5660,1455,2026-05-05,2026-09-19
8785,9.859789187764951,Hollowaymouth,4084,3836,2026-05-02,2027-01-24
5136,8.048185123403897,South William,7633,4536,2027-08-10,2027-12-17
5565,2.88743365034732,Port Jacob,7403,7296,2027-02-10,2026-06-30
3145,7.240483970821826,Mayport,8044,5156,2026-03-04,2026-02-27
9772,6.571629687201668,Kristinberg,9480,2524,2027-04-03,2027-07-14
2069,7.102402249814572,Port Denise,1254,8341,2026-03-17,2027-05-14
4334,7.7481697779774725,New Alexismouth,9992,2813,2027-11-29,2026-03-29
1441,8.463916242426158,Maryhaven,5121,5714,2026-08-25,2026-12-10
4189,6.464584451400141,Theresaberg,2359,3953,2026-05-04,2026-07-07
6876,5.91139045115301,Donnabury,3703,8944,2026-07-31,2027-10-28
2335,6.771240186241603,Port Donnabury,4195,5805,2027-12-06,2027-10-09
1147,6.709247978150058,Port Travis,1421,3478,2026-12-30,2027-03-20
8242,2.8068841271199925,New Christianport,5234,4238,2027-02-14,2026-09-02
5962,8.25796740111593,New Terrancetown,4896,7544,2027-08-14,2026-08-25
6418,6.871945156072092,Johnstonmouth,9407,1412,2027-04-16,2027-11-08
5288,3.782955246790779,New Amy,1214,2007,2026-12-01,2027-06-26
4735,3.3525957458600084,New Daniel,2156,5929,2027-12-09,2027-04-21
5014,9.237555833520345,Kiaraburgh,5615,2540,2027-03-16,2026-05-16
7293,5.859915474085903,Lake Claytonborough,1200,7730,2027-09-26,2026-08-26
1532,5.274395189101184,Jonesborough,9195,3192,2027-06-17,2027-11-28
4584,5.429648779747497,West Philip,2934,6334,2026-03-16,2026-04-28
3839,5.14910083589809,Micheleberg,1908,7264,2027-05-11,2027-04-11
5204,9.449680503074935,Matthewshire,3715,5775,2026-08-12,2026-09-07
6684,6.797007665313239,Kennedyside,5419,1363,2026-09-26,2026-04-02
1500,7.5985943580289526,Lake Gabrielhaven,7868,9083,2026-01-29,2027-09-23
8959,9.791203676028958,Mckayfurt,7110,6139,2026-08-12,2027-07-31
2379,3.6788581310553456,Johnschester,8475,6613,2027-10-02,2026-04-19
5187,4.34571175414058,East Tiffany,5119,4250,2026-06-10,2027-01-28
7336,3.0358340089106113,Port Johnfurt,8195,4428,2027-05-24,2026-05-10
3511,5.508673354223829,Michaelland,6040,6116,2027-12-21,2027-03-05
6273,9.508075400826987,Saundersfurt,5029,7979,2027-12-28,2026-03-13
2452,1.1613759570970807,Jamiemouth,1554,6169,2027-01-13,2026-03-25
4781,3.9721548497638244,North Anna,2904,2542,2026-03-29,2026-05-17
8653,9.72282541607275,Jeffreybury,4377,1590,2026-11-15,2027-01-20
7954,9.409611475353943,Cindychester,6716,9212,2027-02-13,2026-05-11
1063,5.516866156462117,Hughesborough,6151,6716,2027-07-27,2026-07-06
4798,1.2483283827618208,Lake Josephside,5183,3209,2027-08-12,2026-07-09
4304,1.9876137022888127,New Kerriburgh,2721,8936,2027-09-30,2026-02-23
6928,4.868572196984527,Haleystad,3903,5928,2026-07-28,2026-01-08
5123,3.0477753395704257,Joshuatown,9297,6153,2026-09-24,2027-09-20
4824,4.415268534052019,Johnsonhaven,9563,4574,2027-06-25,2026-06-13
2571,1.3101399319966496,Reynoldschester,9575,9900,2027-08-03,2027-07-17
7764,6.1850691736736305,West Edward,3616,1964,2026-06-16,2027-04-06
4575,9.491771419003841,Port Charles,5415,6070,2027-10-28,2027-07-09
6817,8.842497981845668,North Jennifer,7050,1572,2026-04-30,2027-07-13
4069,4.411835184806291,Lake Eric,4754,8136,2027-11-07,2027-04-11
8669,4.901871084430294,North Rachel,6042,9590,2026-10-17,2026-06-13
6171,3.896086382577103,West Mark,4472,4580,2026-05-22,2027-10-11
9447,1.7460626852149588,Huntton,6246,2060,2027-05-17,2027-10-23
7707,7.94084911955647,North Tylerburgh,6584,6930,2027-10-15,2027-06-22
4951,3.2232727519893434,Lake Alexis,9749,4191,2027-09-22,2027-10-01
7234,3.993616973769777,Keithburgh,8762,9099,2026-01-27,2027-11-13
9777,7.298140910389952,Davisville,1973,7663,2027-01-16,2026-07-22
2658,3.2520625277865425,Rossburgh,4566,2063,2027-07-27,2027-09-15
8611,1.5051455300253396,Chanmouth,6150,4621,2027-04-08,2027-02-15
1215,8.597466505676373,South Kimberly,4907,2897,2027-09-20,2026-06-06
4226,6.358908365515372,Lake Raymondside,6004,7549,2026-08-03,2027-10-27
9190,1.941943640342772,South Monique,8563,4305,2027-03-08,2026-02-18
2592,7.109925521517103,Mcdanielmouth,9890,6994,2026-03-22,2026-04-18
5224,1.6297608793991234,Jessicaton,3054,4412,2026-09-28,2026-03-14
4101,8.986791887870893,Jimenezton,8955,4039,2027-06-06,2027-09-11
9955,6.104396617382642,West Nicholasbury,2014,8240,2026-06-15,2026-09-02
6555,1.8395673993323625,Juantown,5141,3235,2027-03-22,2026-08-31
2608,3.300033397242839,Lake Jeremy,4874,7527,2026-05-24,2027-07-15
4823,6.459735698285562,Josephstad,5738,7977,2026-04-06,2027-01-17
7627,6.497118891284507,Port Dustintown,4617,8842,2026-09-05,2027-01-04
8471,8.388005517933156,New Kristin,8845,6550,2026-12-28,2026-08-08
1844,5.495061979821438,East Kelly,5212,2440,2027-08-20,2026-01-11
7800,9.497941980331518,Lake Michael,9888,9580,2027-08-05,2026-02-09
7614,5.11525242458037,Whiteheadfort,6562,3348,2027-08-13,2027-12-20
4135,7.406768827279927,Robertsberg,5339,4381,2027-11-23,2027-04-27
3872,9.321610583994126,North Stephen,7592,2304,2027-12-10,2026-02-05
7212,2.138849055656965,Fernandezhaven,2245,1582,2027-07-25,2027-05-31
3971,7.545716725838871,Port Michelle,9246,9204,2026-07-16,2026-10-03
5468,6.3143391675137845,South Aliciaberg,8135,4918,2026-12-07,2026-12-14
8412,4.801389245924163,Johnport,1122,2720,2026-08-27,2027-09-13
7755,6.672039613022413,North Michael,8858,2795,2026-07-14,2026-03-01
5022,4.4201447143792745,New Shannon,9766,9660,2026-12-30,2027-03-07
2505,4.793355159618555,Port Brandon,7282,9908,2027-07-31,2026-08-31
5674,5.9472156604050115,Lake Elizabeth,6706,5106,2027-11-20,2027-07-02
7660,4.604635305695421,Maryborough,7308,4394,2027-06-27,2027-03-23
4204,5.545576698930912,Lake Jennifer,5976,7232,2027-05-01,2027-02-21
8701,9.589694687803915,North Martin,8752,3492,2027-05-22,2026-05-14
4244,5.251609157846965,Kimfort,7107,7903,2026-12-17,2027-02-20
1841,8.884840153968426,North Robert,3485,9093,2026-03-20,2027-04-18
9202,3.5194144966950596,New Markland,8801,9054,2026-10-08,2027-10-18
4688,8.859569820901768,South Garyburgh,3023,3232,2026-06-13,2027-05-25
9400,8.79074618415762,New Natasha,9363,7771,2027-01-09,2026-12-24
3382,9.113235932947957,New Jonathon,7932,1037,2026-12-18,2027-09-18
3240,5.589212471097653,Terryburgh,4843,7462,2026-07-12,2026-02-02
9139,1.5475900721286833,East Alyssa,4650,5735,2027-01-12,2026-11-01
1482,9.505378778678672,Port Jeffrey,2176,9996,2027-10-05,2026-04-12
8577,4.80576502405615,New Ericberg,3486,3374,2026-05-18,2027-04-15
4831,1.3643688915082777,Travisland,2968,9089,2027-12-04,2027-01-13
3908,5.436692940409178,East Meganfort,5470,7990,2026-08-05,2027-01-07
1481,1.0622712516742405,Jacksonton,1424,1279,2027-01-20,2026-03-26
2654,2.6315366494536025,South Carolyn,9475,8470,2027-03-17,2027-10-28
8404,7.2352908116481025,Port Timothyberg,3881,9673,2026-08-04,2027-12-28
3680,6.29311122354163,Cynthiaborough,1202,8143,2026-09-11,2026-08-26
5787,5.088788945301509,Wilkersonport,5988,1108,2026-05-10,2026-06-11
6218,4.146040340426694,South Alexander,6722,6585,2026-08-10,2026-03-12
8532,6.193585677734651,Sanchezhaven,5087,2924,2027-03-02,2027-03-01
9336,9.410172309640124,Port Gina,3781,2967,2027-03-03,2027-02-04
8076,4.369841128350347,Gomezview,3889,6446,2026-09-07,2027-02-26
3549,3.2969203012090373,Goodwinland,6138,1003,2027-08-02,2027-05-29
1374,2.033198636666517,North Breannachester,9608,1298,2026-01-15,2027-01-28
4704,1.5138450935954295,East Paul,8682,7593,2027-01-05,2027-02-28
2713,7.8909616063308,Shannonmouth,5860,3759,2026-10-07,2027-02-10
9188,5.47239831626078,South Lauren,5339,4327,2027-02-24,2027-07-02
2328,7.655041805736786,North Kurtside,6911,7208,2027-09-07,2026-01-12
3149,9.519429991916521,Andresfort,8566,7596,2027-09-06,2027-02-04
6028,5.857386072713275,Lawrencehaven,1942,4054,2026-07-03,2027-04-15
6785,5.983768688857738,South Johnberg,4479,2054,2026-09-29,2027-11-10
4639,6.779249452469937,Olsonfurt,3195,4416,2027-01-05,2026-07-29
6033,6.790130526785809,Michaelton,8699,1905,2026-08-30,2027-06-29
8234,1.2953228480121912,New Michelle,5001,2237,2026-04-22,2027-10-23
7527,1.9787478927926885,Port Tammyton,5284,6051,2026-03-05,2026-03-16
6021,9.977825528933913,Russellland,3259,9309,2026-06-02,2027-09-06
8310,7.971467910450759,Port Micheleburgh,3804,8640,2026-06-18,2027-02-11
4833,1.9205351413369416,North Phillipshire,7720,1096,2027-06-13,2026-04-24
3388,6.9266704538950465,Port Jennifer,1742,8937,2027-06-03,2026-07-16
6019,3.988505312359689,Cooperfort,1115,7486,2027-09-02,2026-01-17
7874,5.149207473445993,New Christina,4630,8269,2027-12-18,2026-11-28
1865,5.068601149187254,Wattshaven,5280,7233,2027-10-17,2027-07-01
1701,6.267277087326474,South Kenneth,5937,5558,2027-03-08,2027-04-24
6260,7.270708448740001,Erinshire,7158,1897,2026-09-12,2026-12-10
8460,6.6159822025938215,Robertsonmouth,1148,3083,2027-10-23,2027-10-14
9511,8.577084764269461,Trevormouth,9428,6855,2026-02-19,2026-11-18
9204,4.012639411215748,New Stephaniefurt,7804,3064,2027-09-23,2027-07-21
9942,6.3937515581481605,Middletonbury,9452,8340,2027-04-27,2026-06-20
6967,6.8567061205872974,New Jennifershire,3434,6011,2026-01-17,2026-09-08
1388,2.2921690255496774,Hopkinsview,8582,9900,2026-01-02,2027-07-28
9685,2.4024802130354637,Harrisburgh,5771,2776,2027-04-08,2026-01-22
3736,2.9748310250104644,Judithberg,6924,5654,2026-06-13,2026-06-11
5062,6.171961459026879,West Scott,5436,6609,2026-05-29,2027-08-26
3524,9.77098450047702,North Jeremiah,9173,5804,2027-01-18,2026-07-23
9385,3.886920176046854,South Josephview,8390,8513,2027-05-01,2027-12-03
5342,6.730925997851321,Riverachester,3201,2524,2026-05-15,2027-11-15
1596,8.778767795776467,Turnerville,8526,3674,2027-12-29,2027-08-31
5091,2.349221795580994,Jamieside,8591,5769,2026-02-17,2026-10-10
4101,6.969848026604044,West Cynthiabury,9357,4936,2027-01-16,2027-02-28
3128,4.152052370697566,New Davidtown,7637,7471,2027-10-06,2026-03-06
8746,4.327649271034801,Port Fred,1665,3664,2027-12-24,2026-11-27
5427,7.951088714470959,Earlport,4583,5878,2027-09-25,2027-03-30
2268,5.003125540404246,South Cassandra,7446,1687,2027-08-28,2026-07-14
3930,8.149803219224019,East Adammouth,7641,6962,2026-07-15,2026-11-26
4476,9.838482324923056,Cassidyfurt,9173,1325,2027-10-16,2027-01-31
4744,6.1486593974484585,North Jacob,5627,6785,2027-07-29,2027-10-05
5000,9.014209479991374,Youngstad,4951,5319,2027-01-29,2026-07-11
3763,9.961855717562077,Port Monicaberg,8717,5899,2027-10-30,2026-10-25
2322,6.282987648453905,Sabrinaville,1507,5969,2027-04-05,2026-12-18
2679,4.351034284267648,New Donaldborough,4845,3879,2027-02-27,2026-09-04
8553,7.508771537370588,Higginsmouth,9185,8353,2027-07-11,2026-03-03
5398,5.33883700824214,Mauricemouth,1752,1430,2027-08-18,2027-08-15
9820,9.54265864549529,South Josephberg,3396,1922,2027-12-09,2027-09-06
4665,4.847313740776146,West Justinbury,3219,7009,2027-04-14,2027-04-21
8555,3.4635687675337135,East Joseside,8634,5909,2026-01-05,2026-05-01
2882,4.918801788407208,Coryview,8064,2520,2026-11-08,2026-03-31
7529,6.530169200938915,Smithburgh,1876,4241,2026-11-05,2027-12-16
6737,8.437874618515739,Bensonfurt,5820,4676,2026-03-20,2027-02-27
4839,9.231231952925981,Port Anthony,7651,6506,2026-04-11,2026-05-07
4577,1.9672306829068467,Jonesville,5520,3335,2027-01-24,2026-08-09
3588,1.0496159963812417,Summerstad,8961,8859,2027-04-27,2026-07-15
3630,7.4628728817027286,New Lisa,3983,5019,2027-08-05,2027-03-28
6766,2.461517449194753,Anthonyton,3662,1455,2027-04-12,2027-04-11
3791,2.9699760091653293,Deanfort,9546,6448,2027-01-08,2027-03-17
6128,1.2107828993609204,East Michaelville,8310,9808,2027-12-05,2027-12-04
5084,1.171181214251297,Port Brent,8528,6506,2026-09-08,2026-07-28
5409,7.66175578491364,Leeville,5495,1330,2026-11-12,2027-12-30
6772,6.132109389281123,East Nathanchester,2417,3983,2026-10-09,2026-04-22
2385,9.553134255240092,West Heidiborough,8677,8929,2026-03-10,2026-06-25
7788,2.1396010702774104,Mcneilside,6235,4105,2026-05-23,2027-02-28
4887,1.676415153050603,Ericksonberg,7608,9960,2027-05-01,2027-07-08
3949,3.0078517473503976,Port Nicole,9757,7411,2026-10-19,2026-11-22
8143,1.598197651206908,Lake Jessicafort,3751,4730,2027-10-13,2026-07-12
7628,3.773214104926743,Lake Amandaside,3215,9941,2027-02-27,2027-07-23
4846,7.534469046119119,Port Theresa,3176,6950,2026-08-02,2026-11-17
8918,6.34500564386819,Jacobsport,1621,5173,2026-10-09,2027-03-22
2839,3.6323179458301715,New Johnborough,2081,1267,2027-08-23,2026-07-01
9500,1.31998399598346,Port Danielburgh,4546,7686,2027-04-21,2026-01-28
8529,1.3569025487983013,Amandaport,3113,7974,2027-05-23,2027-12-14
3923,2.508690509200642,Higginsborough,5610,3557,2026-01-01,2027-11-12
5797,9.805922558978446,Port Ashley,2501,1456,2026-09-23,2027-05-09
1656,6.967415951204391,Lake Aliciashire,1370,9813,2027-05-22,2027-09-11
8168,8.692013230283491,Wilsonfort,1675,3250,2027-01-01,2027-10-24
8172,3.353447842324391,Freemanside,7051,3287,2026-08-18,2026-09-02
8592,1.9389114320775065,Port Jason,6316,3595,2026-09-21,2027-08-29
5629,8.58343201127581,New Danielleport,7970,8695,2027-11-26,2026-01-09
1097,6.251467319370539,Lewismouth,2572,6501,2027-04-23,2026-04-27
2912,1.0123615017032108,Lake Duanestad,9798,3756,2026-08-23,2027-03-21
9452,9.852487501824182,Robertburgh,7260,3046,2027-02-18,2026-11-12
9919,2.1323137105946772,Collintown,4822,8976,2026-07-27,2027-11-15
4519,9.599991990140476,Scottberg,1568,9533,2027-08-17,2026-08-31
9147,2.9887571615482313,Hernandezstad,4881,9291,2026-12-06,2027-01-22
7495,6.873570744404059,Jenniferport,9939,1362,2027-04-17,2026-04-06
6164,2.998768154668574,East Christineland,8710,3610,2027-03-18,2026-09-13
3594,9.25214767238428,Hillhaven,7446,4265,2027-11-09,2027-12-14
4780,4.885615494731528,Johnsonport,7330,8316,2026-03-24,2026-11-06
4081,5.239839780177822,West Robertchester,8561,4050,2027-06-20,2027-08-30
7858,1.92055859896692,West Danielle,8100,8761,2027-05-29,2026-10-28
1875,9.352141321239907,Rebeccaberg,9662,1304,2027-02-21,2026-10-20
9928,5.537702230992676,North Lorrainefurt,4610,9520,2027-10-25,2027-12-30
5727,9.362115093540963,Toddville,3933,4014,2027-12-27,2026-09-25
4829,5.093216764346522,Port Christina,4522,8654,2026-04-15,2027-01-23
9564,5.831092070518845,Pagefort,6127,4416,2026-02-06,2026-08-21
2253,8.768293060565824,South Ericstad,8072,3650,2026-04-14,2027-02-27
4908,9.570940872178303,North Samanthahaven,6886,8557,2027-11-20,2026-08-12
8363,1.6381041218744645,Randyburgh,7051,5294,2026-02-05,2026-01-04
5601,9.575373963395304,West Richard,3914,9076,2027-11-30,2026-04-09
3487,9.771841618864752,West Claudiahaven,2160,9164,2026-12-21,2027-10-08
4285,6.2267600267790435,South Martinchester,4478,9153,2027-11-06,2026-11-22
6697,9.938836064092202,Port Kylechester,3830,8122,2027-02-12,2027-08-16
5781,7.09659826088896,Shawton,9652,6895,2027-04-21,2026-07-06
2303,3.7656077445152354,Jennifermouth,3638,7392,2027-11-14,2027-10-05
5007,2.9913412100035406,Huangmouth,2169,1887,2027-07-09,2027-01-20
4093,4.425561302712074,New Margaretborough,2139,9973,2026-10-13,2027-12-02
6009,4.144955427793452,Zacharystad,4761,8012,2027-11-07,2027-04-06
8205,9.963244592110108,New Savannah,1452,5870,2027-07-02,2027-11-30
8452,5.39105457986778,Michelechester,8905,1860,2027-10-04,2026-01-30
9593,3.1387325288000048,Ramirezmouth,7652,8382,2027-10-02,2027-10-02
9700,5.571659932768938,Brianberg,1902,2342,2027-11-27,2026-01-22
7726,7.839599254692038,Port Richard,5587,6478,2027-11-20,2026-12-02
6647,3.2975812836419336,South Michelle,3874,7758,2027-07-21,2026-04-04
9283,3.3346531739950835,West Karenstad,4181,7265,2026-04-14,2026-01-24
5193,3.7296964650658357,Lake David,6234,3770,2027-08-08,2027-04-01
4215,9.095796610828543,Lake Garyhaven,5209,3016,2027-02-12,2026-03-13
2705,1.4698104145082729,Richland,1774,4097,2027-10-11,2027-11-14
9093,6.249460318999638,Thompsonside,4225,4163,2027-08-12,2027-12-18
6189,5.63655179290447,Garnerside,8106,1186,2027-04-05,2027-10-03
7587,6.48610386589594,East Elizabeth,6558,6417,2027-03-17,2027-07-19
8613,5.256020778526205,Suzannestad,6781,4250,2027-02-27,2026-12-18
5613,7.425673909432729,East Edwardfurt,9085,6097,2026-11-16,2027-08-29
9707,9.255504208260605,Hernandezberg,3649,2079,2027-01-16,2027-05-12
7516,9.325522848645207,Pamelastad,1393,5467,2026-05-24,2027-07-11
6326,4.954868553491117,Smithtown,2754,9640,2026-05-11,2027-12-14
3506,6.620128417997692,Diazburgh,8416,3253,2027-11-27,2027-08-05
4182,2.161003916570742,Lake Matthewburgh,2315,8137,2027-08-21,2027-01-26
2305,6.370715316863727,East John,3225,9455,2026-12-17,2026-03-25
1770,5.8857011211718735,Montgomerychester,4249,2272,2026-05-14,2027-02-24
9588,5.732555237618309,West Diana,5110,1535,2026-01-05,2027-02-03
5171,5.425742276806928,Craigton,1724,8309,2026-08-17,2026-10-30
6993,5.031122317310832,Gordonchester,3944,7049,2026-03-26,2027-04-15
1847,2.7282374775585057,New Tylerville,1903,5118,2027-02-09,2026-04-18
3893,3.944985657278404,New Maria,4378,4450,2027-02-25,2026-10-19
6718,3.542803247469644,South Alfredside,8497,3051,2026-04-22,2026-10-25
7843,3.702626444178158,New Jenniferborough,8193,4681,2027-08-10,2026-06-28
8213,7.790568142781093,Fergusonfort,6958,7662,2027-05-28,2027-06-09
2212,8.983202372397182,Port Jonathan,8597,3433,2026-07-20,2026-03-18
2509,1.8061305548895157,New Michaelstad,3782,2214,2027-05-26,2027-05-04
2682,2.3900904260568088,West Joseberg,2377,7221,2026-05-24,2026-02-20
3884,5.4714034718085545,Curtisstad,6891,4899,2026-08-15,2026-10-16
3814,6.732791707764013,Harmonborough,7969,2840,2027-12-08,2026-11-01
8472,1.0868608226360958,Jennyland,5377,8506,2027-10-05,2027-09-09
3467,8.59415614890641,Port Kristiehaven,1847,7597,2027-06-21,2027-09-06
5383,8.826451879179439,Stanleyside,3246,4483,2026-06-22,2027-12-05
6671,7.0264291774714165,Williamstad,4431,9366,2026-01-19,2027-12-28
6372,4.772470197535146,Mckeechester,8661,7194,2027-11-15,2026-02-16
8641,3.128858381213923,South Mariaport,3175,4676,2026-09-03,2027-05-25
8554,4.466363392061623,West Jamesmouth,1678,6975,2027-08-07,2027-05-05
4841,3.6063078034710023,West Rachel,5361,9872,2027-07-15,2027-10-07
7783,4.744182389347398,Danielstad,8078,6204,2026-08-06,2026-12-10
5479,7.0829960680934265,Port Virginiafort,6238,1836,2027-05-22,2026-09-07
7856,1.813703436261956,Triciaberg,9019,7680,2027-12-26,2027-02-12
7881,2.7529909933567893,South Dennis,9834,2087,2027-07-29,2026-01-07
2708,9.633639625824,Meganton,5760,9521,2027-02-28,2026-05-15
3904,5.5787211509456025,Petersonport,9680,1686,2027-07-10,2027-01-06
4478,3.8343501131923956,West Jared,8529,3692,2027-05-01,2027-04-14
4861,1.5498260758951818,Dorischester,1197,4018,2027-03-10,2027-08-01
5621,9.715138926156696,Reynoldsville,8496,7239,2026-04-19,2026-09-18
1638,5.584633437207973,New Sophia,3947,5885,2027-07-27,2027-04-07
4100,6.190171871348157,East Stephanie,2696,4627,2027-06-10,2026-12-08
7562,2.172438678458331,Glennburgh,7911,3145,2026-07-03,2026-02-15
4507,3.4720978043908977,West Robert,2191,9044,2027-04-03,2027-01-04
5560,7.910632621494322,Lake Kaitlynshire,5527,5471,2027-05-26,2027-11-29
3271,6.688135226797099,New Caitlinmouth,4507,6578,2026-02-26,2027-08-28
7643,9.883401094744494,Port Megan,7422,5133,2027-09-22,2027-01-19
4590,2.2606001727559035,New Melanie,5022,9490,2027-02-07,2027-11-10
5450,7.478585097784622,Morenoville,8692,6759,2027-07-04,2026-04-18
3952,4.181442155396714,Carlaview,5757,2716,2026-10-01,2026-09-07
2762,7.2893896571163035,West Jillianfort,1594,4079,2026-11-20,2027-12-02
5705,9.643003460397669,New John,9561,9439,2027-12-15,2027-08-15
5638,3.0523155111269755,West Elizabethstad,8846,6192,2026-07-27,2026-08-04
2543,1.8962752517797523,Port Kennethbury,6939,1547,2026-01-30,2026-07-14
2113,2.296881234465108,Mariamouth,4744,3326,2026-05-11,2027-01-21
4639,3.043456406619268,Webbshire,4624,3876,2027-06-05,2026-02-22
5512,7.33217908999456,North Terribury,2822,9483,2026-12-21,2026-01-06
4955,9.401218076605682,North Joshuaville,6450,8507,2026-03-04,2026-09-04
9079,2.794269578979993,Raymondside,3587,7135,2027-01-18,2026-03-24
4153,3.4805689918593887,South Candicetown,5434,3216,2027-09-01,2026-03-10
6085,1.7108955761479583,East Brian,9509,3031,2027-04-25,2027-06-03
7805,2.8736796648418013,Wilsonfort,1585,7840,2027-02-27,2026-09-08
6085,5.32315824901525,North Robert,4214,1042,2027-04-09,2026-03-16
8873,2.1738693258239223,Russellbury,2517,4405,2027-11-11,2027-08-13
9747,7.139359440682707,Allenside,9219,1454,2027-06-03,2026-12-17
3918,3.4496386467966795,Lake Susanchester,4211,5420,2027-08-01,2026-11-08
1398,1.5954116019080211,Lopezfurt,1190,4400,2026-06-02,2027-06-25
5031,3.2309173284425885,Suttonmouth,7448,9417,2026-04-05,2027-07-13
3600,5.7390617934267585,New Juanbury,3525,2160,2026-04-24,2027-07-05
6874,1.6784807005553182,Port Stephenmouth,5043,7641,2026-03-02,2026-07-25
4169,8.065487474901518,North Gracemouth,6509,6322,2027-05-21,2026-02-06
4427,9.892421086194688,Longton,3605,6169,2026-03-31,2027-10-05
9415,5.837956817492212,East Justinside,7877,2149,2027-06-02,2026-04-23
3712,8.522115291004429,Adrianfort,4539,6958,2026-07-20,2027-09-09
7180,3.677543834610876,West Jenniferstad,7383,8693,2027-03-12,2027-11-24
1546,1.5961675405035443,New Ashley,9632,2185,2026-12-12,2027-12-02
4288,1.8241953009227725,Maryhaven,8002,5733,2027-03-10,2026-06-12
8715,6.355299188390223,Curtischester,3953,1629,2027-01-27,2026-04-04
2947,4.042599487408696,East Juliashire,2546,8250,2026-07-22,2027-06-29
5945,1.9355254975596772,East Lisa,6210,4054,2026-06-29,2027-12-20
2018,9.679177230254508,Matthewland,1921,5202,2026-11-18,2027-11-30
1668,7.002578282526682,Clarkport,6086,9418,2026-04-09,2027-02-11
4474,3.024402711309214,Lake Anthonyshire,7464,9719,2026-09-15,2027-08-13
4607,2.944991340832737,New Tinabury,5902,2762,2027-03-08,2026-06-29
5064,6.207579413789247,West Shannonside,2936,1352,2026-12-23,2026-06-27
1149,1.767260443693809,South Briannaview,8697,3240,2027-07-06,2026-12-15
6849,1.1870530439076052,Johnsonburgh,7360,8485,2026-06-29,2027-12-10
2065,6.146698130930333,North Paula,5055,9396,2026-07-12,2027-02-13
8445,1.868395664154485,Franklinfurt,2825,4021,2026-05-05,2026-12-06
4966,3.8030760623056725,North Anthony,9171,9415,2026-05-26,2027-05-04
6196,4.952225181461399,Port Rebeccashire,2680,6584,2026-10-18,2026-07-11
9905,7.548452093409625,East Sandrachester,3300,6215,2027-03-17,2026-05-05
9385,4.680654086056849,Timothybury,4497,3944,2027-02-01,2026-08-25
1940,8.431940956934593,Lake Alexis,9572,5671,2027-06-07,2026-11-03
8637,7.591256213952166,Lake Davidhaven,2327,3572,2026-04-10,2026-10-13
5946,5.152109369707782,Spenceport,3143,6737,2026-05-15,2027-05-03
1762,7.718165355243438,Mejiatown,8880,7547,2027-05-13,2026-06-06
2479,6.89676438446927,Bradleystad,4056,7685,2027-12-17,2026-11-03
8054,8.384858079661802,West Allenbury,7951,6742,2026-09-19,2026-07-05
2129,8.005538961733759,Walshmouth,1686,7333,2026-02-09,2027-02-28
1036,1.0881249792343346,New Tammyshire,9103,2868,2027-01-21,2027-01-16
5310,2.1905622735623522,South Bethview,4805,3627,2026-10-27,2026-09-12
7391,8.748642805157782,Gibbschester,8489,7554,2026-03-02,2026-02-03
2274,7.237353646145165,East Eric,1283,4627,2026-08-25,2027-12-12
3079,1.2553921830073742,Toddtown,5859,3873,2027-08-01,2027-04-08
9255,2.089944927286763,Lindsaymouth,7116,5514,2027-05-10,2026-05-14
4238,4.95970134674139,South Kayla,2986,2812,2027-02-13,2026-11-27
1829,9.735978117746768,Christophermouth,1545,5477,2026-05-04,2026-03-13
1308,7.4483821379171,North Ashleyton,4323,6835,2026-09-25,2027-02-24
2547,3.0860876300110345,Christopherfort,4105,1832,2026-09-27,2027-05-11
5215,3.6959762644114917,West Paul,3803,6598,2027-01-18,2027-03-20
9621,3.1196902988720816,Bradleyland,9544,7549,2026-05-25,2027-05-26
9685,7.2501719326506535,North Alyssa,8568,5900,2026-09-24,2027-04-30
7770,9.197122361885434,New Kurtberg,4368,2435,2026-09-23,2026-07-16
1583,1.6459015093369351,Julieville,3048,1246,2027-04-20,2026-05-19
6192,9.526540356079257,New Mark,7185,7867,2027-11-17,2026-12-22
3833,5.859261324906131,Randallville,2549,2482,2026-07-29,2027-09-30
9853,3.8257076053600474,West Marc,8368,2594,2026-07-27,2027-05-09
2950,9.584335573428016,Anthonyborough,4016,1026,2027-06-25,2026-05-12
3484,5.072099391383498,Lake Timothytown,2708,4686,2027-05-03,2026-03-25
2647,7.570132264179514,Port Calvintown,4481,1418,2027-09-01,2027-08-09
7899,7.921260038278216,Jennifershire,3231,6226,2026-07-16,2026-03-27
8820,9.021651938368379,Staceyview,2029,7241,2027-03-02,2026-08-29
4669,1.9996991376959192,West Andrea,5672,3534,2026-04-14,2026-01-10
2953,9.6420243394988,Cohenside,2254,6728,2027-07-07,2027-12-02
3487,1.2290111083683977,Tiffanyberg,2320,5477,2027-01-12,2026-08-27
1560,8.512870369583748,Malloryfort,5811,7597,2027-11-14,2026-01-09
6680,4.303266624071646,East Angelaside,5540,6931,2026-10-16,2026-02-01
5752,2.8590674575512893,South Carly,1039,9847,2027-08-06,2026-08-29
9962,1.27202825193201,Lake Ashleyport,1570,1895,2027-10-15,2027-04-08
8645,6.791816285441229,North Janiceland,5779,4831,2026-01-15,2027-07-12
5858,4.713292919594219,Port Maureen,6975,4708,2026-01-31,2026-06-16
3661,9.689970965306697,Mackchester,4957,6292,2027-08-08,2026-05-31
6117,8.855979342743176,Rushborough,9837,7835,2027-10-18,2027-10-07
7570,4.380723423254725,Kaufmantown,2488,5544,2027-07-05,2026-11-23
1740,5.805148389770792,South Richard,7939,4654,2027-04-08,2026-07-25
6607,3.1104822653940745,West Robertstad,4757,5345,2026-12-03,2026-05-22
7560,1.6616109676456126,Quinnborough,3350,4936,2027-12-16,2027-01-30
3561,3.854356397646208,New Reginahaven,9033,7052,2026-01-04,2027-11-14
3580,6.322945395113679,New Maureen,8412,4702,2027-03-03,2027-01-08
4939,2.50715765811968,Port Andreamouth,3764,3147,2027-10-03,2026-02-28
8652,7.670562698826264,New Coryshire,1072,6512,2026-11-22,2027-05-16
5321,3.780547342754526,Lake Karenhaven,8557,1845,2026-04-05,2027-09-01
7679,1.8538855961990546,North Ashley,1518,7420,2027-10-10,2027-11-25
7006,2.3840081116116956,West Christopher,6842,1763,2026-04-05,2027-04-17
3073,2.8456256714998216,Lake Tanya,8966,2755,2027-03-22,2027-06-11
7392,9.907382874632907,Port Christinamouth,6619,5345,2026-08-13,2027-08-29
6700,2.269429204276194,Fordfort,4635,2624,2027-09-06,2026-04-23
4398,7.1844255303355204,Port Charles,9165,8307,2026-08-16,2026-12-07
7479,9.031455053637542,West Adamfort,1689,8151,2026-03-18,2027-01-06
1824,5.376983055323025,Raymondmouth,4209,3887,2027-10-30,2027-03-21
8313,6.050508454972709,North Travis,5464,2169,2026-09-02,2027-12-16
6775,5.3378467635329185,Jacquelineburgh,5297,3903,2027-02-21,2027-05-29
1286,6.151247607210843,West Christineton,7457,6866,2026-05-05,2026-09-09
1665,7.557492859308615,North Hailey,2875,5729,2027-06-14,2026-08-19
6227,1.2044592818547213,Angelamouth,4857,6428,2027-07-12,2026-01-18
2419,1.7204370145752672,South Kyleport,5008,3057,2027-08-06,2026-09-04
8364,1.5976556597930307,West Andrewberg,3899,7139,2026-03-24,2026-06-10
5435,6.321646296005826,South Brandon,9832,7579,2027-12-04,2027-10-09
9356,7.766306462072405,Lake Adrienne,1656,5900,2026-11-03,2027-10-23
7314,4.1593948545476636,Michaelmouth,2711,5589,2026-08-21,2026-11-02
8217,9.151487867270866,Robertton,7049,2547,2026-09-18,2027-09-25
6802,2.401685836474152,Cannonstad,9683,4888,2026-01-04,2026-02-14
2950,6.572617927027161,South Calebview,8605,4614,2027-04-10,2027-12-29
2281,1.773359006436661,Josephview,2748,9077,2026-06-08,2027-03-27
1301,8.571866640803467,Wigginsport,3977,6185,2027-04-27,2026-10-30
6724,1.5616980497944506,West Adam,4915,1613,2026-04-14,2026-05-22
2230,9.224131590622669,West Williamborough,3396,8818,2027-09-22,2026-01-20
9659,6.797497160306116,South Joanna,6435,8510,2026-01-26,2026-11-21
6799,5.98097633131005,Haasfort,6722,7638,2027-03-29,2027-04-07
3033,3.926196856308101,New Corymouth,8577,2669,2026-04-29,2026-08-30
5030,9.623020464271828,Kristinatown,2176,5159,2027-06-14,2026-01-26
3895,8.85314398780341,North Jamesview,8536,6509,2026-07-12,2026-12-09
9158,3.0197011095119386,Port Joshua,6242,6782,2027-04-28,2026-05-26
5430,3.889631841063967,Port Arthurburgh,9663,3818,2026-05-28,2026-12-09
3451,6.272337815827603,Lake Nicholasville,9533,3616,2027-08-09,2026-02-04
7252,2.260871501180363,Sarahview,4927,5826,2026-09-19,2026-04-24
3026,7.603748340695053,South Davidshire,1689,4873,2027-05-19,2027-09-28
2560,9.680863684855618,Washingtonville,2345,1274,2026-09-02,2027-07-13
9503,8.183588702837847,East Isabellaberg,5261,3653,2026-06-26,2026-10-01
2838,6.647337417755083,Lake Patricia,4286,9476,2026-07-09,2027-09-13
4882,6.141422111024985,Lake Randy,7223,6966,2026-10-03,2027-10-23
3628,5.55212998052337,Lake Michaelmouth,2202,9773,2026-09-16,2027-09-23
7322,6.775087666998944,Lake Christopherberg,4755,8156,2027-07-10,2026-04-29
4019,1.8519021005367229,Lake Davidtown,7025,7216,2026-09-27,2027-06-17
6011,1.7406201123345415,West Joshua,7954,9363,2027-04-07,2026-09-27
3387,2.306478398571605,South Leestad,1073,4910,2027-06-23,2027-07-21
9413,2.476045066335181,Port Sandra,6188,8806,2026-06-05,2026-06-17
6261,9.14291592799922,Alvaradomouth,5327,5335,2027-10-13,2027-05-07
6135,6.501139334022404,Port Carolynside,6259,2306,2027-09-08,2027-11-14
7023,7.8181942823725725,Lake Rebeccastad,5849,2132,2027-11-08,2027-10-24
6368,8.717965702950794,Rayland,5401,2163,2026-08-28,2026-01-18
1623,1.7175563481375682,East Garrettfurt,3681,5845,2027-05-27,2027-03-17
6926,4.290678929127528,New Laura,9941,1440,2026-03-22,2026-09-23
1493,4.807738337426793,Port Nancyville,2106,6367,2026-02-05,2027-02-06
3076,8.2523936875437,Lake Henryport,6378,1243,2026-12-26,2026-12-13
3365,7.498399627500541,East David,8562,9516,2027-05-06,2026-06-05
5238,7.883028776447599,Kristinfort,5387,3668,2027-02-05,2026-06-05
7674,2.601736392829899,Thomasport,5927,2720,2026-08-04,2026-10-17
7050,3.9737371632596745,New Christinefort,9109,9310,2026-08-18,2027-10-30
7487,8.266943337080235,Robertchester,7701,7427,2027-05-17,2027-03-12
1023,3.553539713564523,North Danny,8019,6260,2026-03-20,2026-06-04
6629,8.79655690019571,Lake Willie,1947,4390,2026-07-22,2027-02-04
8102,9.451077262195025,Gardnermouth,2267,3735,2026-09-01,2026-07-04
7461,9.40782668004883,New Lauren,6222,7576,2027-01-18,2027-11-24
4153,2.4339178771531174,Phyllisport,4250,4453,2027-11-17,2026-02-05
9931,8.452472612780877,Gordonfurt,7350,2825,2027-11-21,2027-01-02
2643,5.365766399510848,Jamesmouth,4808,3531,2026-12-13,2026-04-11
3178,5.7910334671845565,North Michaelmouth,5411,3426,2027-07-25,2026-08-18
9346,6.162143436540739,Craigburgh,7653,2495,2026-07-17,2027-10-06
8241,9.952492589470332,Bensonport,7231,1466,2027-03-26,2027-09-19
5624,8.613917633705576,East Mariehaven,8702,4051,2027-06-18,2027-11-13
7214,2.83449877822945,South Sheilatown,5964,8653,2027-01-04,2027-07-10
4997,3.658806690855354,Port Steve,2029,7721,2026-05-11,2027-03-26
6651,7.978609855673201,Toddburgh,7008,4743,2027-11-20,2027-05-31
7910,1.6423922832854425,Phillipsfurt,2456,4016,2027-06-26,2026-09-17
2924,8.965085631170394,East Harold,6712,8398,2026-09-18,2026-03-10
6854,5.127595597383989,Swansonhaven,6421,2940,2027-08-16,2026-02-10
1297,4.689804452978522,North Colleen,9767,9787,2027-05-01,2027-09-17
2019,6.071877951002528,Georgeton,5530,6610,2027-04-04,2026-12-29
4554,1.2678149985360458,West Jesseland,7811,7882,2027-04-30,2027-02-13
3682,3.1680083332561346,Simmonsburgh,1460,2147,2026-06-10,2026-10-08
6222,7.951267218123931,Bryanborough,4250,1602,2026-04-23,2026-11-09
2243,9.825430330373779,Michaelmouth,3250,1615,2026-04-28,2027-10-15
6168,1.9831522232883443,Port Stephaniefort,3248,6199,2027-12-21,2026-09-03
8951,1.825234678286476,Lisaburgh,1228,1473,2026-01-01,2027-12-06
4212,3.082935948286623,Baldwinside,6243,4401,2027-08-30,2027-08-31
1193,5.958640407216404,East Randall,9713,5936,2027-01-01,2027-02-15
7567,7.067697836945681,North Sherri,9873,8134,2027-01-23,2026-07-26
1179,7.485327987119211,South Jillian,3439,8216,2027-05-24,2026-03-23
3508,1.2058000760559948,Debrachester,6347,6640,2026-04-04,2027-06-16
6568,2.970521137159956,Port Austin,1009,1436,2026-12-31,2027-02-25
8970,3.002358081060668,Rachelborough,3237,2704,2026-02-04,2026-09-14
3284,8.114591548081203,New Georgeburgh,5699,9261,2027-10-30,2027-10-28
7326,2.2244888627996753,Mackenziestad,6046,3236,2026-01-02,2026-11-18
1082,3.630084142550505,Barbaraborough,8012,7461,2027-10-01,2026-05-19
3814,8.154613576085772,West Thomasport,7488,7896,2027-02-19,2026-06-07
8045,6.368228399860566,Palmerfurt,5133,8424,2027-05-05,2026-03-11
6164,5.049205937935781,Brandytown,7070,7331,2027-03-23,2026-04-20
2561,3.719665109134407,South Deanchester,6976,4889,2026-08-10,2026-11-02
9519,2.141213587929049,Nealstad,7816,2827,2027-05-06,2027-08-01
4153,1.8277939094360842,Port Ericatown,7458,2213,2027-03-12,2027-10-08
5833,1.630998083715438,Nicholasburgh,3163,1732,2026-11-13,2026-06-25
8653,4.900627309899079,Angelamouth,4742,9073,2027-09-13,2027-08-27
2822,1.0159396597500483,West Rhondaside,1496,7508,2026-09-22,2026-09-17
3812,4.0509900334011855,Deanborough,1575,6472,2027-12-23,2026-01-05
6073,6.800206368373507,South Jessica,9153,7408,2026-08-06,2027-06-30
2887,3.3327936471663326,New Brittanybury,2434,6765,2026-04-27,2027-12-11
2847,5.468866991114413,East Jon,8696,6165,2027-06-01,2027-03-07
1198,9.981603673333751,South Karenview,2067,4892,2027-12-06,2027-12-13
6110,7.870899584998129,Christianstad,9902,5655,2027-07-03,2026-09-07
8263,5.206914654227923,Josephhaven,5877,8787,2026-10-12,2027-02-25
9885,8.450117249865592,North Nina,6171,4391,2027-09-05,2027-11-27
8850,3.2453412505954606,South Michael,6494,6754,2026-08-16,2026-08-02
1411,4.218342782680914,Loriborough,4998,7638,2026-12-11,2027-02-09
6162,6.224531941427379,North Gregorybury,3033,2598,2027-10-20,2026-12-10
9032,6.044545834311359,West Waltershire,9220,8519,2027-01-23,2026-01-27
3947,3.0219033242737865,Martinezshire,9795,4890,2027-11-08,2026-10-17
1563,2.4280377889103812,Nelsonbury,5103,5149,2027-02-22,2026-10-17
7145,6.453642636227584,Port William,1846,7049,2027-07-29,2027-07-15
2953,9.356932539839221,Greenland,1237,6944,2027-09-19,2027-02-12
5052,5.49064519350812,Port Jefferyfurt,9478,6585,2026-05-31,2027-01-25
1271,2.775637878833904,Lake Nicholasmouth,1832,1703,2027-05-16,2026-05-24
9353,6.210317069846047,Victoriastad,2056,5484,2027-12-27,2027-12-09
2929,4.159751295685425,East Susanton,5011,7607,2026-01-02,2027-03-21
7426,6.602993275477551,Lake Alan,5875,6071,2026-06-09,2026-05-21
6626,2.9608517870956637,Michaelville,7387,2453,2026-12-17,2026-03-10
6206,7.611348374912182,West Daniel,9249,8945,2027-05-27,2027-04-09
3836,6.8173120669201275,Port Brandon,3354,5640,2027-02-13,2027-02-16
9869,4.25472705849177,Lake Kristenside,5846,1331,2027-02-17,2026-11-20
4801,5.753912953758129,Petersenside,5957,8361,2026-01-28,2026-11-04
9556,5.56610944443126,East Gregory,6876,8145,2027-09-04,2027-07-29
1696,8.71172320986657,South Nancy,4795,6841,2026-05-18,2026-09-07
7928,3.2729288028912102,East Catherine,5117,2528,2027-08-08,2026-05-03
2489,2.5281169439883504,Kimberlyview,4226,4554,2027-09-02,2027-11-24
3117,1.7602442129496367,Michaelborough,9920,2155,2026-03-24,2027-08-03
7931,8.289655351377778,Lake Melissa,5642,8002,2027-04-18,2026-03-04
6458,8.967741375380388,Shawton,7273,5886,2026-12-18,2026-10-14
6064,2.7614680590424743,Deborahborough,5307,2300,2026-11-18,2026-01-29
5157,8.886073347819428,Lake Tyler,7609,7366,2027-10-10,2027-08-22
3277,2.3958122965307833,Rodgersville,2831,1228,2027-06-27,2027-06-23
4738,8.696145198694271,Port Shawn,9194,6008,2026-12-04,2027-05-09
7279,2.063077978803343,East Kelsey,8090,6033,2027-02-10,2027-08-31
2011,4.49306527600062,Derekstad,5749,6628,2027-08-31,2026-02-26
8488,9.445649040034825,South Catherine,5633,8901,2026-09-28,2026-12-23
9425,3.798304086508003,South Joshuahaven,4472,7497,2026-04-13,2027-04-28
1875,6.593733317271599,East Davemouth,1385,6971,2026-12-18,2026-01-26
7107,7.50734290503385,North James,7150,8224,2027-04-06,2026-10-01
4190,1.1846364706087145,Lake Robert,1558,8557,2027-06-22,2026-06-13
6284,7.330132766967376,Bryanburgh,4362,3795,2026-09-14,2027-05-17
2796,5.956625651311734,Fowlerbury,5231,4463,2027-11-26,2026-05-21
7299,2.2807377285435244,Oconnorfurt,2068,8471,2026-01-12,2026-08-09
8942,8.601500206960786,Nelsonport,8197,7272,2027-01-13,2027-11-28
3944,1.0685499679792354,East Katherine,2803,5656,2027-11-14,2026-07-29
7738,1.7856248742778202,Lake Scott,9868,2748,2027-09-23,2026-01-21
7126,7.794632536767285,Robinbury,7918,7467,2027-10-30,2026-12-31
3270,9.187141113243337,Lake Alechaven,4742,4946,2027-08-13,2027-02-23
7399,6.756399266157359,Bassville,4490,9740,2026-08-11,2026-08-15
5632,1.3872566089333596,Hernandezville,3875,8593,2026-11-02,2026-07-01
4617,1.2063924756070996,Port Samantha,1355,1546,2026-01-03,2027-05-15
7643,1.604332581853905,Jamesport,8384,4634,2026-01-06,2027-02-23
6710,2.5291261516768158,Dixonbury,7111,4170,2026-04-14,2026-12-14
8565,4.857465389186299,South Robert,5086,5072,2026-05-17,2026-05-26
3328,6.9623583654884325,Hernandezmouth,2509,7595,2026-08-01,2026-06-29
4478,8.729216209349751,Port Travis,6570,5242,2026-02-11,2026-11-20
7094,7.751597835751937,New William,3125,8516,2027-07-21,2027-10-20
9044,6.792033846166594,Justinstad,3271,2002,2026-09-05,2027-06-08
9354,7.316315462289207,North Allisonborough,7207,9292,2027-09-26,2027-12-10
9779,5.3761019627592725,South Jenniferchester,7116,9959,2026-01-15,2027-12-21
3773,6.8490952414298825,Josephside,7141,8556,2026-06-28,2027-04-23
9337,8.514406451634272,Powersport,3407,4144,2027-07-09,2026-01-30
1136,2.7728615254554425,East Joseborough,5123,5570,2026-04-10,2026-07-28
9406,2.4855801907740576,South Michelleberg,9527,6732,2026-04-09,2027-03-03
9204,9.534730171917454,East Denniston,8397,6633,2027-10-28,2026-06-02
8692,3.708194937962418,East Tylerland,4210,4231,2027-07-28,2026-09-05
6375,2.6782288753878767,Lake Melanieton,9540,5108,2027-08-03,2026-12-04
3804,6.297525458946153,Kentview,6443,3991,2026-11-17,2026-05-17
3063,7.918856378093367,New Jessicafurt,2123,2680,2026-04-29,2026-08-15
7206,7.03090185317618,North Nicole,6252,3110,2026-09-26,2026-09-08
1876,4.993947240401612,East Jeremyborough,3811,6955,2027-06-21,2026-06-15
7893,7.6318134923770815,Williamsburgh,4846,2269,2026-12-23,2026-12-04
8038,3.279222305092812,Thomasshire,2511,8282,2026-05-11,2027-10-29
9106,8.693859587533566,Wesleyton,1177,8532,2027-03-22,2026-07-23
7374,3.202498755493253,Port Shellytown,7954,6401,2026-06-04,2027-10-21
8747,2.882390002846425,Port Tamara,3090,6211,2026-06-16,2027-06-28
4099,2.6955310059997153,Ryanbury,9433,4690,2026-08-01,2026-11-13
1638,7.7524139297074175,Wrightberg,2731,7357,2027-02-06,2026-06-05
8163,2.1575001987313076,Zunigaberg,1256,8108,2026-05-03,2026-08-17
6971,2.2214363340607193,New Jackie,9066,7247,2027-10-19,2026-08-01
9921,7.71374791682567,Alexanderbury,3615,1961,2027-05-07,2027-10-24
9336,9.184384910701615,Melindashire,5418,5829,2026-01-24,2026-05-12
5880,5.652274891523458,Cooperland,6578,7311,2026-05-14,2026-12-24
6735,6.293821955209651,New Lindsey,9162,9950,2026-05-01,2026-01-07
8393,7.94641542676263,East Janetfort,7020,2119,2027-05-03,2027-04-13
5953,8.104093927076361,West Tracy,9430,1145,2027-03-29,2026-11-21
5803,7.6059041329760255,Moralesberg,7709,6557,2027-03-16,2026-09-15
6405,6.881295761083908,Herrerabury,7427,3249,2027-11-19,2027-11-01
5138,5.203324755889977,Lake Jenniferfort,4975,7684,2026-09-07,2026-11-19
5260,2.0217540064056583,Lake Donaldhaven,7231,7248,2026-10-23,2027-01-15
8491,6.159575902792524,Lake Thomas,2511,6869,2027-08-27,2027-01-28
2885,2.5315480188240342,Donaldburgh,8347,5924,2026-03-21,2026-06-05
5408,1.5729212007430502,Lake Anita,2176,9350,2027-04-21,2026-05-08
6526,9.884351383510161,North Lisastad,8853,7157,2026-03-24,2027-10-03
5894,7.652248541819054,New Dale,3649,2887,2027-02-15,2026-01-24
5448,8.733135182452973,Aguilarchester,4477,5039,2027-06-30,2026-04-17
1821,6.284266200111481,Port Justin,7492,4875,2026-07-24,2026-09-01
9314,5.929055262628512,Halehaven,5584,3124,2026-08-06,2026-08-27
4961,7.477471100234415,Ortizfort,3460,4341,2027-09-20,2026-05-27
9980,3.220351350729172,Lauraside,5952,1033,2026-04-06,2027-07-17
3657,2.5342178953049848,West Jeffrey,6765,1097,2027-08-02,2027-06-16
4588,3.705373417034414,East Robin,9655,7368,2026-06-25,2027-02-27
3108,3.0332884685994608,South Edwardmouth,4831,7442,2027-05-06,2027-03-20
6952,6.984169631977741,East Rebeccaside,6793,8150,2026-11-25,2026-12-09
6073,6.98065637820602,Lake Raymond,4156,5862,2027-12-03,2026-07-27
1991,4.070371355872765,North Veronica,6247,8255,2027-08-25,2026-01-08
5545,5.85043203907703,West Stephenberg,3263,1973,2027-11-22,2026-10-15
7468,1.087238915698836,New Timothyburgh,5533,9093,2026-07-12,2026-02-24
9819,1.2946771874159224,North Jeffreyside,7258,5441,2026-03-03,2026-05-23
1059,8.339342196960974,North Tricia,3974,4039,2027-10-17,2026-04-03
7328,2.849643579221578,Lake Vanessaport,7606,2823,2027-04-23,2027-02-25
7055,8.097475834682076,Lake Thomasstad,3772,4150,2027-02-04,2027-01-31
2310,2.3250132887714234,Heidibury,5513,1607,2026-05-25,2026-07-02
2327,2.2046980385965758,Millershire,7829,5454,2027-09-14,2026-09-15
8927,7.0894716768883175,Greeneside,7772,1068,2026-09-29,2026-04-18
9949,5.4480065488664655,Ashleytown,9760,4426,2027-04-07,2027-02-05
3950,6.553083183551266,Weissborough,8822,3637,2027-07-06,2026-08-16
6558,6.8163962168314605,North Marcstad,8337,5406,2027-12-21,2027-03-10
1064,9.037144453425453,Mcgrathberg,8137,2331,2026-07-31,2027-04-23
6673,5.749094713551946,East Daniellechester,5869,2821,2027-06-27,2026-02-26
4649,5.281380465358435,East Anthony,5334,4119,2027-01-13,2026-04-08
7910,9.815903200406272,New Stanleyton,9258,3869,2027-04-20,2026-08-26
4069,9.288874024442453,Ashleefort,4316,4514,2027-07-15,2027-08-14
8147,4.817575584888983,North Elizabethtown,7211,8891,2026-11-20,2026-07-03
8940,7.5040514495275685,Lake Gary,4728,6805,2026-01-20,2026-12-23
2979,8.354727853830235,Smithside,4168,9923,2026-12-22,2026-11-22
7448,9.052362182602762,Carlafurt,4849,6482,2027-03-08,2026-12-30
9254,1.8646052280417322,North Aaronberg,8420,4712,2027-02-19,2027-11-29
4028,5.294509370730412,East Ana,5928,9522,2027-02-27,2026-03-13
2285,9.503695193004882,Jeffreyview,9498,9857,2026-06-05,2026-12-18
7899,6.128599774692587,South Margaret,4444,9969,2026-01-12,2026-07-19
4905,1.0866160854364646,Lake Jasonton,3115,1423,2026-11-21,2026-08-03
6339,7.306663405296242,Saundersview,5723,1302,2027-10-26,2027-09-14
4081,5.156965811154955,East Jameston,2611,6785,2026-03-01,2026-02-24
8356,5.929860259146725,Cruzmouth,5981,6256,2027-09-28,2026-04-08
9860,9.315501112120602,Daviston,4407,2241,2027-02-06,2027-12-20
5501,2.5813063912172023,Samanthafort,8882,6940,2027-12-25,2027-04-11
8077,8.54053440007152,Nelsonland,6386,4664,2026-06-03,2027-04-09
5945,7.276313975512078,North Jonathanport,4924,1544,2027-05-16,2027-09-15
4865,1.6051194648207714,New Teresa,3109,6590,2027-11-14,2026-04-13
4103,9.013030578930882,Robertsview,6976,1328,2027-10-10,2027-02-19
4227,7.215190727673258,Sarahbury,6872,9260,2026-10-26,2027-08-03
3266,6.646608278595397,West Brandon,4278,6407,2027-10-23,2027-02-07
7242,4.984772216024769,Kylemouth,1190,9213,2027-01-31,2026-10-17
7559,5.925726820818861,Port Thomas,4122,2953,2027-05-15,2027-07-22
8326,2.1235035099641775,North Sarah,6180,3792,2026-06-10,2027-12-11
1144,9.534455528383244,Pamelaview,7443,7005,2026-11-17,2027-07-17
3610,6.064190319336915,Sethchester,4032,1998,2026-01-22,2026-02-25
9619,4.672793953308609,Juliefort,8498,6604,2026-01-14,2026-10-26
3487,4.31948135290245,Port Jessica,3385,7226,2026-04-09,2027-05-15
5870,6.220295677049853,West Julie,4038,3005,2026-06-30,2026-05-24
6953,8.481293010878424,Patrickfort,8587,3943,2027-01-11,2026-07-30
9853,8.58360082185849,South Kristenmouth,7498,1633,2027-06-18,2026-07-11
9601,9.901053563807448,North Amandashire,3369,3334,2026-12-24,2027-11-20
7915,3.2548860069136016,Robertshire,4084,7187,2027-03-25,2026-11-22
3309,5.737021119851306,Ashleyland,8428,1288,2026-12-22,2027-01-15
